{
  "protocol_id": "cascadia-aaaaa-4p-base-v1",
  "baseline_id": "determinized-lookahead-v2-k8-r4-d4",
  "treatment_id": "bear-candidate-lookahead-v1-k8-b8-r4-d4",
  "games": 50,
  "seat_games_per_strategy": 200,
  "first_seed": 21300,
  "baseline_mean": 90.35,
  "treatment_mean": 91.215,
  "baseline_statistics": {
    "mean_score": 90.35,
    "game_mean_stddev": 1.6035674514745468,
    "seat_score_stddev": 3.018785405859971,
    "standard_error": 0.2267786838055364,
    "confidence_95": [
      89.90551377974114,
      90.79448622025885
    ],
    "percentiles": {
      "p10": 86.0,
      "p50": 91.0,
      "p90": 94.0
    },
    "min_score": 80.0,
    "max_score": 99.0,
    "mean_breakdown": {
      "habitat": [
        5.5,
        5.805,
        5.71,
        5.785,
        5.965
      ],
      "wildlife": [
        4.73,
        12.59,
        13.18,
        12.765,
        15.095
      ],
      "nature_tokens": 3.225
    }
  },
  "treatment_statistics": {
    "mean_score": 91.215,
    "game_mean_stddev": 1.7120595664823335,
    "seat_score_stddev": 3.3338186413883335,
    "standard_error": 0.24212178585099176,
    "confidence_95": [
      90.74044129973205,
      91.68955870026795
    ],
    "percentiles": {
      "p10": 87.0,
      "p50": 92.0,
      "p90": 95.0
    },
    "min_score": 82.0,
    "max_score": 99.0,
    "mean_breakdown": {
      "habitat": [
        5.47,
        5.86,
        5.73,
        5.915,
        5.83
      ],
      "wildlife": [
        8.29,
        11.915,
        12.455,
        12.195,
        14.17
      ],
      "nature_tokens": 3.385
    }
  },
  "mean_paired_delta": 0.865,
  "paired_delta_stddev": 1.967341778509618,
  "standard_error": 0.27822414249915073,
  "confidence_95": [
    0.31968068070166455,
    1.4103193192983354
  ],
  "game_wins": 31,
  "game_ties": 5,
  "game_losses": 14,
  "baseline_breakdown": {
    "habitat": [
      5.5,
      5.805,
      5.71,
      5.785,
      5.965
    ],
    "wildlife": [
      4.73,
      12.59,
      13.18,
      12.765,
      15.095
    ],
    "nature_tokens": 3.225
  },
  "treatment_breakdown": {
    "habitat": [
      5.47,
      5.86,
      5.73,
      5.915,
      5.83
    ],
    "wildlife": [
      8.29,
      11.915,
      12.455,
      12.195,
      14.17
    ],
    "nature_tokens": 3.385
  },
  "mean_breakdown_delta": {
    "habitat": [
      -0.03000000000000025,
      0.055000000000000604,
      0.020000000000000462,
      0.1299999999999999,
      -0.1349999999999998
    ],
    "wildlife": [
      3.5599999999999987,
      -0.6750000000000007,
      -0.7249999999999996,
      -0.5700000000000003,
      -0.9250000000000007
    ],
    "nature_tokens": 0.1599999999999997
  },
  "baseline_elapsed_seconds": 204.79542766799997,
  "treatment_elapsed_seconds": 277.21810296100006,
  "baseline_seconds_per_game": 4.095908553359999,
  "treatment_seconds_per_game": 5.544362059220001,
  "elapsed_seconds": 482.013746541,
  "pairs": [
    {
      "seed": 21300,
      "baseline_mean": 90.5,
      "treatment_mean": 90.75,
      "delta": 0.25
    },
    {
      "seed": 21301,
      "baseline_mean": 88.0,
      "treatment_mean": 92.0,
      "delta": 4.0
    },
    {
      "seed": 21302,
      "baseline_mean": 92.25,
      "treatment_mean": 90.0,
      "delta": -2.25
    },
    {
      "seed": 21303,
      "baseline_mean": 91.0,
      "treatment_mean": 93.75,
      "delta": 2.75
    },
    {
      "seed": 21304,
      "baseline_mean": 90.25,
      "treatment_mean": 91.25,
      "delta": 1.0
    },
    {
      "seed": 21305,
      "baseline_mean": 88.75,
      "treatment_mean": 91.75,
      "delta": 3.0
    },
    {
      "seed": 21306,
      "baseline_mean": 90.5,
      "treatment_mean": 89.25,
      "delta": -1.25
    },
    {
      "seed": 21307,
      "baseline_mean": 91.0,
      "treatment_mean": 90.25,
      "delta": -0.75
    },
    {
      "seed": 21308,
      "baseline_mean": 88.0,
      "treatment_mean": 88.0,
      "delta": 0.0
    },
    {
      "seed": 21309,
      "baseline_mean": 88.5,
      "treatment_mean": 92.0,
      "delta": 3.5
    },
    {
      "seed": 21310,
      "baseline_mean": 90.0,
      "treatment_mean": 92.0,
      "delta": 2.0
    },
    {
      "seed": 21311,
      "baseline_mean": 91.0,
      "treatment_mean": 91.25,
      "delta": 0.25
    },
    {
      "seed": 21312,
      "baseline_mean": 92.25,
      "treatment_mean": 92.25,
      "delta": 0.0
    },
    {
      "seed": 21313,
      "baseline_mean": 90.75,
      "treatment_mean": 93.25,
      "delta": 2.5
    },
    {
      "seed": 21314,
      "baseline_mean": 91.25,
      "treatment_mean": 94.25,
      "delta": 3.0
    },
    {
      "seed": 21315,
      "baseline_mean": 89.5,
      "treatment_mean": 90.25,
      "delta": 0.75
    },
    {
      "seed": 21316,
      "baseline_mean": 87.75,
      "treatment_mean": 88.75,
      "delta": 1.0
    },
    {
      "seed": 21317,
      "baseline_mean": 91.75,
      "treatment_mean": 88.5,
      "delta": -3.25
    },
    {
      "seed": 21318,
      "baseline_mean": 89.75,
      "treatment_mean": 89.25,
      "delta": -0.5
    },
    {
      "seed": 21319,
      "baseline_mean": 89.75,
      "treatment_mean": 90.75,
      "delta": 1.0
    },
    {
      "seed": 21320,
      "baseline_mean": 91.25,
      "treatment_mean": 94.25,
      "delta": 3.0
    },
    {
      "seed": 21321,
      "baseline_mean": 88.75,
      "treatment_mean": 91.25,
      "delta": 2.5
    },
    {
      "seed": 21322,
      "baseline_mean": 91.75,
      "treatment_mean": 92.5,
      "delta": 0.75
    },
    {
      "seed": 21323,
      "baseline_mean": 89.25,
      "treatment_mean": 89.25,
      "delta": 0.0
    },
    {
      "seed": 21324,
      "baseline_mean": 91.0,
      "treatment_mean": 92.0,
      "delta": 1.0
    },
    {
      "seed": 21325,
      "baseline_mean": 87.0,
      "treatment_mean": 93.25,
      "delta": 6.25
    },
    {
      "seed": 21326,
      "baseline_mean": 89.75,
      "treatment_mean": 89.25,
      "delta": -0.5
    },
    {
      "seed": 21327,
      "baseline_mean": 90.75,
      "treatment_mean": 90.5,
      "delta": -0.25
    },
    {
      "seed": 21328,
      "baseline_mean": 92.25,
      "treatment_mean": 92.25,
      "delta": 0.0
    },
    {
      "seed": 21329,
      "baseline_mean": 89.75,
      "treatment_mean": 93.0,
      "delta": 3.25
    },
    {
      "seed": 21330,
      "baseline_mean": 93.0,
      "treatment_mean": 92.25,
      "delta": -0.75
    },
    {
      "seed": 21331,
      "baseline_mean": 92.5,
      "treatment_mean": 89.25,
      "delta": -3.25
    },
    {
      "seed": 21332,
      "baseline_mean": 94.5,
      "treatment_mean": 91.5,
      "delta": -3.0
    },
    {
      "seed": 21333,
      "baseline_mean": 89.25,
      "treatment_mean": 90.25,
      "delta": 1.0
    },
    {
      "seed": 21334,
      "baseline_mean": 89.5,
      "treatment_mean": 91.25,
      "delta": 1.75
    },
    {
      "seed": 21335,
      "baseline_mean": 92.5,
      "treatment_mean": 92.5,
      "delta": 0.0
    },
    {
      "seed": 21336,
      "baseline_mean": 91.5,
      "treatment_mean": 93.0,
      "delta": 1.5
    },
    {
      "seed": 21337,
      "baseline_mean": 90.5,
      "treatment_mean": 88.5,
      "delta": -2.0
    },
    {
      "seed": 21338,
      "baseline_mean": 88.75,
      "treatment_mean": 87.5,
      "delta": -1.25
    },
    {
      "seed": 21339,
      "baseline_mean": 90.5,
      "treatment_mean": 91.75,
      "delta": 1.25
    },
    {
      "seed": 21340,
      "baseline_mean": 92.0,
      "treatment_mean": 91.75,
      "delta": -0.25
    },
    {
      "seed": 21341,
      "baseline_mean": 87.75,
      "treatment_mean": 90.25,
      "delta": 2.5
    },
    {
      "seed": 21342,
      "baseline_mean": 88.25,
      "treatment_mean": 89.5,
      "delta": 1.25
    },
    {
      "seed": 21343,
      "baseline_mean": 90.25,
      "treatment_mean": 91.75,