{
  "baseline_breakdown": {
    "habitat": [
      5.4,
      5.875,
      5.85,
      6.025,
      5.8
    ],
    "nature_tokens": 3.55,
    "wildlife": [
      8.025,
      11.575,
      12.25,
      11.925,
      15.15
    ]
  },
  "baseline_decision_latency": {
    "decisions": 800,
    "max_milliseconds": 1637.1747079999998,
    "mean_milliseconds": 91.60250331624994,
    "p50_milliseconds": 1.579375,
    "p90_milliseconds": 403.80587470000006,
    "p99_milliseconds": 891.8768349999997
  },
  "baseline_elapsed_seconds": 73.29047641500001,
  "baseline_id": "late-conservative-base-policy-improvement-v1-t5-r8-k8-h6-b8-m4-c90",
  "baseline_mean": 91.425,
  "baseline_seconds_per_game": 7.329047641500002,
  "baseline_statistics": {
    "confidence_95": [
      90.58880351857022,
      92.26119648142978
    ],
    "decision_latency": {
      "decisions": 800,
      "max_milliseconds": 1637.1747079999998,
      "mean_milliseconds": 91.60250331624994,
      "p50_milliseconds": 1.579375,
      "p90_milliseconds": 403.80587470000006,
      "p99_milliseconds": 891.8768349999997
    },
    "game_mean_stddev": 1.3491252309881723,
    "max_score": 100.0,
    "mean_breakdown": {
      "habitat": [
        5.4,
        5.875,
        5.85,
        6.025,
        5.8
      ],
      "nature_tokens": 3.55,
      "wildlife": [
        8.025,
        11.575,
        12.25,
        11.925,
        15.15
      ]
    },
    "mean_score": 91.425,
    "min_score": 83.0,
    "percentiles": {
      "p10": 88.80000000000001,
      "p50": 92.0,
      "p90": 95.0
    },
    "seat_score_stddev": 2.942940270528343,
    "standard_error": 0.4266308578723401
  },
  "confidence_95": [
    -0.61635922591205,
    0.36635922591204995
  ],
  "configuration": {
    "conservative-sample-count-compare": {
      "baseline_determinizations": 8,
      "first_seed": 28700,
      "games": 10,
      "output": "docs/v2/reports/conservative-r32-vs-r8-pilot10.json",
      "policy_bear_candidates": 8,
      "policy_candidates": 8,
      "policy_habitat_candidates": 6,
      "policy_market_draws": 4,
      "sequential": true,
      "terminal_turns": 5,
      "treatment_determinizations": 32
    }
  },
  "elapsed_seconds": 355.465511208,
  "first_seed": 28700,
  "game_losses": 6,
  "game_ties": 0,
  "game_wins": 4,
  "games": 10,
  "mean_breakdown_delta": {
    "habitat": [
      0.1999999999999993,
      -0.20000000000000018,
      -0.22499999999999964,
      -0.10000000000000053,
      0.15000000000000036
    ],
    "nature_tokens": 0.10000000000000009,
    "wildlife": [
      0.049999999999998934,
      -0.07499999999999929,
      0.1999999999999993,
      -0.22500000000000142,
      0.0
    ]
  },
  "mean_paired_delta": -0.125,
  "paired_delta_stddev": 0.7927623996016854,
  "pairs": [
    {
      "baseline_mean": 91.0,
      "delta": -0.5,
      "seed": 28700,
      "treatment_mean": 90.5
    },
    {
      "baseline_mean": 92.5,
      "delta": 1.0,
      "seed": 28701,
      "treatment_mean": 93.5
    },
    {
      "baseline_mean": 91.5,
      "delta": -1.25,
      "seed": 28702,
      "treatment_mean": 90.25
    },
    {
      "baseline_mean": 91.25,
      "delta": -0.25,
      "seed": 28703,
      "treatment_mean": 91.0
    },
    {
      "baseline_mean": 90.5,
      "delta": 0.5,
      "seed": 28704,
      "treatment_mean": 91.0
    },
    {
      "baseline_mean": 94.0,
      "delta": 1.0,
      "seed": 28705,
      "treatment_mean": 95.0
    },
    {
      "baseline_mean": 91.25,
      "delta": -1.0,
      "seed": 28706,
      "treatment_mean": 90.25
    },
    {
      "baseline_mean": 88.75,
      "delta": 0.25,
      "seed": 28707,
      "treatment_mean": 89.0
    },
    {
      "baseline_mean": 92.0,
      "delta": -0.25,
      "seed": 28708,
      "treatment_mean": 91.75
    },
    {
      "baseline_mean": 91.5,
      "delta": -0.75,
      "seed": 28709,
      "treatment_mean": 90.75
    }
  ],
  "protocol_id": "cascadia-aaaaa-4p-base-v1",
  "provenance": {
    "command_argv": [
      "target/release/cascadia-v2",
      "conservative-sample-count-compare",
      "--games",
      "10",
      "--first-seed",
      "28700",
      "--baseline-determinizations",
      "8",
      "--treatment-determinizations",
      "32",
      "--sequential",
      "--output",
      "docs/v2/reports/conservative-r32-vs-r8-pilot10.json"
    ],
    "created_unix_seconds": 1781221251,
    "executable": "/Users/johnherrick/cascadia/target/release/cascadia-v2",
    "executable_blake3": "1e675ac66c4490d5f6ca39abd40ee7457528462779c7e97878142b7e0f6e3827",
    "git_dirty": true,
    "git_revision": "a9918946f66c237a803b23ea299c6a514785ae52",
    "git_status_blake3": "040649573460f9e760e60a31f702c6b4fd2d529fbf4cde3f99f4959353a08d33",
    "hardware": {
      "architecture": "aarch64",
      "chip": "Apple M4",
      "logical_cpu_count": 10,
      "memory_bytes": "17179869184",
      "operating_system": "macOS 26.2"
    },
    "input_artifacts": [],
    "toolchain": {
      "cargo": "cargo 1.94.1 (29ea6fb6a 2026-03-24)",
      "package_version": "0.1.0",
      "rustc": "rustc 1.94.1 (e408947bf 2026-03-25)"
    },
    "v2_source_blake3": "19dc7ed9b7cbbf5b271ac59cb276e28213c765c967fff722d18445475b71ec29"
  },
  "report_schema_version": 1,
  "seat_games_per_strategy": 40,
  "standard_error": 0.25069348260818874,
  "treatment_breakdown": {
    "habitat": [
      5.6,
      5.675,
      5.625,
      5.925,
      5.95
    ],
    "nature_tokens": 3.65,
    "wildlife": [
      8.075,
      11.5,
      12.45,
      11.7,
      15.15
    ]
  },
  "treatment_decision_latency": {
    "decisions": 800,
    "max_milliseconds": 5745.486,
    "mean_milliseconds": 352.70851182999996,
    "p50_milliseconds": 1.3167499999999999,
    "p90_milliseconds": 1552.5031128000003,
    "p99_milliseconds": 3438.572754579999
  },
  "treatment_elapsed_seconds": 282.174950918,
  "treatment_id": "late-conservative-base-policy-improvement-v1-t5-r32-k8-h6-b8-m4-c90",
  "treatment_mean": 91.3,
  "treatment_seconds_per_game": 28.217495091799996,
  "treatment_statistics": {
    "confidence_95": [
      90.21952808664197,
      92.38047191335802
    ],
    "decision_latency": {
      "decisions": 800,
      "max_milliseconds": 5745.486,
      "mean_milliseconds": 352.70851182999996,
      "p50_milliseconds": 1.3167499999999999,
      "p90_milliseconds": 1552.5031128000003,
      "p99_milliseconds": 3438.572754579999
    },
    "game_mean_stddev": 1.7432409153323842,
    "max_score": 100.0,
    "mean_breakdown": {
      "habitat": [
        5.6,
        5.675,
        5.625,
        5.925,
        5.95
      ],
      "nature_tokens": 3.65,
      "wildlife": [
        8.075,
        11.5,
        12.45,
        11.7,
        15.15
      ]
    },
    "mean_score": 91.3,
    "min_score": 83.0,
    "percentiles": {
      "p10": 87.9,
      "p50": 91.0,
      "p90": 95.0
    },
    "seat_score_stddev": 3.243929241379491,
    "standard_error": 0.5512611802847076
  }
}
