{
  "schema_version": 1,
  "experiment_id": "exact-mlx-layer-profile-v1-20260615",
  "status": "completed_and_removed",
  "phase": 1,
  "contract": {
    "raw_seed": 60999,
    "audited_completed_turns": [12, 39, 66],
    "realized_hidden_completed_turns": [12, 39, 66],
    "champion_rollouts": 600,
    "substantial_rollouts": 1200,
    "high_confidence_rollouts": 4800,
    "model_json_sha256": "9dff120f4238497f0c9440f5d353ef00cf6cb8fdef513cc8c4fe5bbdfc490d3a",
    "model_safetensors_sha256": "9fd11f704a5feb427aab324c19dc819213dda08f8a4b90331999df3726b11f89"
  },
  "correctness": {
    "semantic_report_blake3": "f46ae73349d53d1baa3c69c0f8a3efab5766ed68ef91b6636ad65a3dea340c75",
    "semantic_matches": 3,
    "terminal_base_scores": [96, 99, 92, 102],
    "terminal_state_blake3": "7b3f520d5441aa2ae9c3d97d87e0cd08299d546a7d1e8398f76fdadedb53fa7d",
    "logical_neural_batches": 33260,
    "logical_neural_rows": 55710626,
    "physical_neural_rows": 44903952,
    "rollout_waves": 29151,
    "rollout_samples": 549517,
    "bootstrapped_samples": 0,
    "policy_fallbacks": 0,
    "bridge_fallbacks": 0,
    "validated_reports": 3,
    "clean_shutdowns": 3
  },
  "workload": {
    "requests": 13437,
    "rows_including_warmup": 44903953,
    "feature_occurrences": 13082538612,
    "h1_intermediate_bytes_per_direction": 91963295744,
    "h1_intermediate_round_trip_bytes": 183926591488,
    "h2_intermediate_bytes_per_direction": 11495411968,
    "h2_intermediate_round_trip_bytes": 22990823936
  },
  "nodes": {
    "john1": {
      "report_wall_seconds": 149.927253625,
      "process_wall_seconds": 150.50,
      "mlx_eval_ms": 55114.126825,
      "corrected_total_ms": 55093.397524,
      "materialized_reeval_ms": 6.909767,
      "h1_corrected_ms": 43468.723165,
      "h1_corrected_share": 0.7890005902443026,
      "h2_corrected_ms": 8184.036591,
      "h2_corrected_share": 0.1485484097696977,
      "output_corrected_ms": 3440.637768,
      "output_corrected_share": 0.0624509999859997,
      "maximum_rss_bytes": 969097216,
      "peak_memory_footprint_bytes": 174391896,
      "process_swaps": 0,
      "system_swap_delta_bytes": 0
    },
    "john2": {
      "report_wall_seconds": 136.154604833,
      "process_wall_seconds": 136.68,
      "mlx_eval_ms": 56525.165618,
      "corrected_total_ms": 56502.137372,
      "materialized_reeval_ms": 7.676082,
      "h1_corrected_ms": 43173.480762,
      "h1_corrected_share": 0.7641034971430107,
      "h2_corrected_ms": 9477.238014,
      "h2_corrected_share": 0.16773238066382434,
      "output_corrected_ms": 3851.418596,
      "output_corrected_share": 0.06816412219316495,
      "maximum_rss_bytes": 1117896704,
      "peak_memory_footprint_bytes": 157205056,
      "process_swaps": 0,
      "system_swap_delta_bytes": 0
    },
    "john3": {
      "report_wall_seconds": 135.642153833,
      "process_wall_seconds": 136.18,
      "mlx_eval_ms": 55829.228942,
      "corrected_total_ms": 55806.331289,
      "materialized_reeval_ms": 7.632551,
      "h1_corrected_ms": 42687.090249,
      "h1_corrected_share": 0.7649148270998073,
      "h2_corrected_ms": 9365.977671,
      "h2_corrected_share": 0.1678300195455803,
      "output_corrected_ms": 3753.263369,
      "output_corrected_share": 0.06725515335461241,
      "maximum_rss_bytes": 1118322688,
      "peak_memory_footprint_bytes": 149733904,
      "process_swaps": 0,
      "system_swap_delta_bytes": 0
    }
  },
  "remote_mean": {
    "report_wall_seconds": 135.898379333,
    "mlx_eval_ms": 56177.19728,
    "corrected_total_ms": 56154.2343305,
    "materialized_reeval_ms": 7.6543165,
    "h1_corrected_ms": 42930.2855055,
    "h1_corrected_share": 0.7645091621214091,
    "h2_corrected_ms": 9421.6078425,
    "h2_corrected_share": 0.16778120010470232,
    "output_corrected_ms": 3802.3409825,
    "output_corrected_share": 0.06770963777388868,
    "john2_john3_h1_share_difference_percentage_points": 0.08113299567965582
  },
  "production_scaled_estimate": {
    "authoritative_production_mlx_eval_ms": 47812.694916,
    "estimated_h1_critical_seconds": 36.553243328997716,
    "estimated_h2_critical_seconds": 8.02207133324648,
    "estimated_output_critical_seconds": 3.2373802537558087,
    "perfect_h1_elimination_end_to_end_speedup": 1.3962815087523526
  },
  "gates": {
    "all_reports_validated": true,
    "all_semantic_vectors_exact": true,
    "all_requests_and_rows_covered": true,
    "all_layer_totals_positive_and_finite": true,
    "same_dominant_layer_on_all_nodes": true,
    "john2_john3_share_difference_within_5_percentage_points": true,
    "all_processes_zero_swap": true,
    "all_rss_below_1_5_gib": true
  },
  "implementation": {
    "instrumented_binary_sha256": "95ada7fd48438ad85644c21082e29d1a3b89ee98f667fff79a50dce0b78b0414",
    "instrumented_service_sha256": "11aa467a5708cea8e98aede29429761a0e1a7c67f3b0c887fd1518b7d87d4ab0",
    "instrumented_legacy_teacher_sha256": "9ef3d11d80f971d3dd5ef93a8f444e69b936466e425a105290f8103b4d8749cf",
    "restored_binary_sha256": "157ba6c0607f8a2cad3e0ecba9ab6d04cd327175efe01732edb043402d57a5ce",
    "restored_service_sha256": "3e9d62ee5d1f38b0b2ae1fe8ac32d312b3c1dcb25b4fa5b4cc668b7212b457a1",
    "restored_exact_evaluator_sha256": "6556f9c5818354de6847a0630e070f0bb2026252a7bacfa706a094f9f17a9ae9",
    "diagnostic_selector_retained": false,
    "forced_layer_boundaries_retained": false,
    "python_tests_passed_instrumented": 17,
    "differential_library_tests_passed_instrumented": 25,
    "trusted_fixture_tests_passed_instrumented": 3,
    "nnue_batch_tests_passed_instrumented": 11,
    "python_tests_passed_restored": 15,
    "differential_library_tests_passed_restored": 25,
    "trusted_fixture_tests_passed_restored": 3,
    "nnue_batch_tests_passed_restored": 11
  },
  "verdict": {
    "usable": true,
    "dominant_layer": "h1",
    "next_target": "Exact threadgroup-resident H1-to-H2 fusion that removes the global H1 intermediate while preserving per-output operation order."
  },
  "artifacts": {
    "local_archive": "artifacts/performance/exact-mlx-layer-profile-v1",
    "run_script": "artifacts/performance/exact-mlx-layer-profile-v1/run_profile.zsh",
    "sha256_manifest": "artifacts/performance/exact-mlx-layer-profile-v1/SHA256SUMS"
  }
}
