{
  "protocol_id": "cascadia-aaaaa-4p-base-v1",
  "baseline_id": "determinized-lookahead-v2-k16-r4-d4",
  "treatment_id": "habitat-candidate-lookahead-v1-k8-h6-r4-d4",
  "games": 50,
  "seat_games_per_strategy": 200,
  "first_seed": 22300,
  "baseline_mean": 91.005,
  "treatment_mean": 91.52,
  "baseline_statistics": {
    "mean_score": 91.005,
    "game_mean_stddev": 1.591182656044854,
    "seat_score_stddev": 3.147141161028088,
    "standard_error": 0.22502720923914762,
    "confidence_95": [
      90.56394666989127,
      91.44605333010873
    ],
    "percentiles": {
      "p10": 87.0,
      "p50": 91.0,
      "p90": 95.0
    },
    "min_score": 83.0,
    "max_score": 100.0,
    "mean_breakdown": {
      "habitat": [
        5.73,
        5.955,
        5.84,
        6.015,
        5.905
      ],
      "wildlife": [
        4.925,
        12.46,
        12.765,
        12.8,
        15.305
      ],
      "nature_tokens": 3.305
    }
  },
  "treatment_statistics": {
    "mean_score": 91.52,
    "game_mean_stddev": 1.6466106190026364,
    "seat_score_stddev": 3.256165392808946,
    "standard_error": 0.23286590693410855,
    "confidence_95": [
      91.06358282240915,
      91.97641717759085
    ],
    "percentiles": {
      "p10": 87.0,
      "p50": 92.0,
      "p90": 95.1
    },
    "min_score": 82.0,
    "max_score": 100.0,
    "mean_breakdown": {
      "habitat": [
        5.76,
        5.945,
        5.99,
        5.8,
        5.95
      ],
      "wildlife": [
        6.345,
        12.395,
        12.75,
        12.38,
        14.87
      ],
      "nature_tokens": 3.335
    }
  },
  "mean_paired_delta": 0.515,
  "paired_delta_stddev": 2.3638486864105532,
  "standard_error": 0.334298687171963,
  "confidence_95": [
    -0.14022542685704742,
    1.1702254268570473
  ],
  "game_wins": 29,
  "game_ties": 0,
  "game_losses": 21,
  "baseline_breakdown": {
    "habitat": [
      5.73,
      5.955,
      5.84,
      6.015,
      5.905
    ],
    "wildlife": [
      4.925,
      12.46,
      12.765,
      12.8,
      15.305
    ],
    "nature_tokens": 3.305
  },
  "treatment_breakdown": {
    "habitat": [
      5.76,
      5.945,
      5.99,
      5.8,
      5.95
    ],
    "wildlife": [
      6.345,
      12.395,
      12.75,
      12.38,
      14.87
    ],
    "nature_tokens": 3.335
  },
  "mean_breakdown_delta": {
    "habitat": [
      0.02999999999999936,
      -0.009999999999999787,
      0.15000000000000036,
      -0.21499999999999986,
      0.04499999999999993
    ],
    "wildlife": [
      1.42,
      -0.06500000000000128,
      -0.015000000000000568,
      -0.41999999999999993,
      -0.4350000000000005
    ],
    "nature_tokens": 0.029999999999999805
  },
  "baseline_elapsed_seconds": 366.7375164580001,
  "treatment_elapsed_seconds": 311.78585308399994,
  "baseline_seconds_per_game": 7.334750329160001,
  "treatment_seconds_per_game": 6.235717061679999,
  "elapsed_seconds": 678.523700667,
  "pairs": [
    {
      "seed": 22300,
      "baseline_mean": 90.0,
      "treatment_mean": 92.25,
      "delta": 2.25
    },
    {
      "seed": 22301,
      "baseline_mean": 89.5,
      "treatment_mean": 94.5,
      "delta": 5.0
    },
    {
      "seed": 22302,
      "baseline_mean": 88.75,
      "treatment_mean": 89.0,
      "delta": 0.25
    },
    {
      "seed": 22303,
      "baseline_mean": 91.75,
      "treatment_mean": 87.0,
      "delta": -4.75
    },
    {
      "seed": 22304,
      "baseline_mean": 93.25,
      "treatment_mean": 90.75,
      "delta": -2.5
    },
    {
      "seed": 22305,
      "baseline_mean": 95.0,
      "treatment_mean": 91.0,
      "delta": -4.0
    },
    {
      "seed": 22306,
      "baseline_mean": 91.0,
      "treatment_mean": 92.25,
      "delta": 1.25
    },
    {
      "seed": 22307,
      "baseline_mean": 88.75,
      "treatment_mean": 93.5,
      "delta": 4.75
    },
    {
      "seed": 22308,
      "baseline_mean": 89.5,
      "treatment_mean": 91.5,
      "delta": 2.0
    },
    {
      "seed": 22309,
      "baseline_mean": 91.0,
      "treatment_mean": 91.75,
      "delta": 0.75
    },
    {
      "seed": 22310,
      "baseline_mean": 90.75,
      "treatment_mean": 89.75,
      "delta": -1.0
    },
    {
      "seed": 22311,
      "baseline_mean": 90.25,
      "treatment_mean": 92.0,
      "delta": 1.75
    },
    {
      "seed": 22312,
      "baseline_mean": 91.75,
      "treatment_mean": 90.5,
      "delta": -1.25
    },
    {
      "seed": 22313,
      "baseline_mean": 89.75,
      "treatment_mean": 90.75,
      "delta": 1.0
    },
    {
      "seed": 22314,
      "baseline_mean": 92.5,
      "treatment_mean": 92.0,
      "delta": -0.5
    },
    {
      "seed": 22315,
      "baseline_mean": 88.5,
      "treatment_mean": 92.5,
      "delta": 4.0
    },
    {
      "seed": 22316,
      "baseline_mean": 90.25,
      "treatment_mean": 91.0,
      "delta": 0.75
    },
    {
      "seed": 22317,
      "baseline_mean": 94.25,
      "treatment_mean": 92.25,
      "delta": -2.0
    },
    {
      "seed": 22318,
      "baseline_mean": 92.0,
      "treatment_mean": 90.75,
      "delta": -1.25
    },
    {
      "seed": 22319,
      "baseline_mean": 92.0,
      "treatment_mean": 90.25,
      "delta": -1.75
    },
    {
      "seed": 22320,
      "baseline_mean": 90.75,
      "treatment_mean": 93.0,
      "delta": 2.25
    },
    {
      "seed": 22321,
      "baseline_mean": 92.25,
      "treatment_mean": 94.0,
      "delta": 1.75
    },
    {
      "seed": 22322,
      "baseline_mean": 91.5,
      "treatment_mean": 90.25,
      "delta": -1.25
    },
    {
      "seed": 22323,
      "baseline_mean": 90.75,
      "treatment_mean": 91.25,
      "delta": 0.5
    },
    {
      "seed": 22324,
      "baseline_mean": 89.0,
      "treatment_mean": 91.5,
      "delta": 2.5
    },
    {
      "seed": 22325,
      "baseline_mean": 90.75,
      "treatment_mean": 93.0,
      "delta": 2.25
    },
    {
      "seed": 22326,
      "baseline_mean": 92.0,
      "treatment_mean": 93.25,
      "delta": 1.25
    },
    {
      "seed": 22327,
      "baseline_mean": 91.25,
      "treatment_mean": 88.25,
      "delta": -3.0
    },
    {
      "seed": 22328,
      "baseline_mean": 88.25,
      "treatment_mean": 93.5,
      "delta": 5.25
    },
    {
      "seed": 22329,
      "baseline_mean": 90.5,
      "treatment_mean": 92.25,
      "delta": 1.75
    },
    {
      "seed": 22330,
      "baseline_mean": 92.25,
      "treatment_mean": 90.75,
      "delta": -1.5
    },
    {
      "seed": 22331,
      "baseline_mean": 92.75,
      "treatment_mean": 90.0,
      "delta": -2.75
    },
    {
      "seed": 22332,
      "baseline_mean": 90.25,
      "treatment_mean": 92.75,
      "delta": 2.5
    },
    {
      "seed": 22333,
      "baseline_mean": 88.5,
      "treatment_mean": 92.75,
      "delta": 4.25
    },
    {
      "seed": 22334,
      "baseline_mean": 90.5,
      "treatment_mean": 92.5,
      "delta": 2.0
    },
    {
      "seed": 22335,
      "baseline_mean": 92.25,
      "treatment_mean": 92.0,
      "delta": -0.25
    },
    {
      "seed": 22336,
      "baseline_mean": 94.25,
      "treatment_mean": 92.5,
      "delta": -1.75
    },
    {
      "seed": 22337,
      "baseline_mean": 90.5,
      "treatment_mean": 91.5,
      "delta": 1.0
    },
    {
      "seed": 22338,
      "baseline_mean": 88.75,
      "treatment_mean": 89.5,
      "delta": 0.75
    },
    {
      "seed": 22339,
      "baseline_mean": 90.5,
      "treatment_mean": 89.0,
      "delta": -1.5
    },
    {
      "seed": 22340,
      "baseline_mean": 93.5,
      "treatment_mean": 93.25,
      "delta": -0.25
    },
    {
      "seed": 22341,
      "baseline_mean": 91.25,
      "treatment_mean": 93.25,
      "delta": 2.0
    },
    {
      "seed": 22342,
      "baseline_mean": 90.75,
      "treatment_mean": 91.5,
      "delta": 0.75
    },
    {
      "seed": 22343,
      "baseline_mean": 90.75,
      "treatment_mean": 93.25,