{
  "baseline_breakdown": {
    "habitat": [
      5.85,
      5.575,
      5.775,
      5.975,
      5.875
    ],
    "nature_tokens": 3.775,
    "wildlife": [
      8.525,
      11.85,
      12.2,
      11.65,
      14.725
    ]
  },
  "baseline_decision_latency": {
    "decisions": 800,
    "max_milliseconds": 8.980584,
    "mean_milliseconds": 1.3411576275,
    "p50_milliseconds": 1.181771,
    "p90_milliseconds": 2.3832708,
    "p99_milliseconds": 4.246237829999996
  },
  "baseline_elapsed_seconds": 1.079379916,
  "baseline_id": "pattern-aware-v1-k8-h6-b8-m4",
  "baseline_mean": 91.775,
  "baseline_seconds_per_game": 0.10793799159999999,
  "baseline_statistics": {
    "confidence_95": [
      91.15325970051798,
      92.39674029948203
    ],
    "decision_latency": {
      "decisions": 800,
      "max_milliseconds": 8.980584,
      "mean_milliseconds": 1.3411576275,
      "p50_milliseconds": 1.181771,
      "p90_milliseconds": 2.3832708,
      "p99_milliseconds": 4.246237829999996
    },
    "game_mean_stddev": 1.0031201323869439,
    "max_score": 97.0,
    "mean_breakdown": {
      "habitat": [
        5.85,
        5.575,
        5.775,
        5.975,
        5.875
      ],
      "nature_tokens": 3.775,
      "wildlife": [
        8.525,
        11.85,
        12.2,
        11.65,
        14.725
      ]
    },
    "mean_score": 91.775,
    "min_score": 87.0,
    "percentiles": {
      "p10": 89.0,
      "p50": 92.0,
      "p90": 95.0
    },
    "seat_score_stddev": 2.423046397854124,
    "standard_error": 0.317214438511238
  },
  "confidence_95": [
    0.1973333333333333,
    0.7526666666666666
  ],
  "configuration": {
    "late-terminal-policy-improvement-compare": {
      "determinizations": 8,
      "first_seed": 26600,
      "games": 10,
      "output": "docs/v2/reports/late-terminal-policy-improvement-v1-t4-r8-pilot10.json",
      "policy_bear_candidates": 8,
      "policy_candidates": 8,
      "policy_habitat_candidates": 6,
      "policy_market_draws": 4,
      "sequential": true,
      "terminal_turns": 4
    }
  },
  "elapsed_seconds": 60.026597917,
  "first_seed": 26600,
  "game_losses": 1,
  "game_ties": 1,
  "game_wins": 8,
  "games": 10,
  "mean_breakdown_delta": {
    "habitat": [
      0.025000000000000355,
      0.4249999999999998,
      -0.15000000000000036,
      0.0,
      -0.07500000000000018
    ],
    "nature_tokens": 0.02499999999999991,
    "wildlife": [
      -0.09999999999999964,
      0.20000000000000107,
      -0.22499999999999964,
      0.40000000000000036,
      -0.049999999999998934
    ]
  },
  "mean_paired_delta": 0.475,
  "paired_delta_stddev": 0.4479893351905204,
  "pairs": [
    {
      "baseline_mean": 92.25,
      "delta": 0.5,
      "seed": 26600,
      "treatment_mean": 92.75
    },
    {
      "baseline_mean": 92.25,
      "delta": 0.75,
      "seed": 26601,
      "treatment_mean": 93.0
    },
    {
      "baseline_mean": 92.0,
      "delta": 0.25,
      "seed": 26602,
      "treatment_mean": 92.25
    },
    {
      "baseline_mean": 91.0,
      "delta": 0.75,
      "seed": 26603,
      "treatment_mean": 91.75
    },
    {
      "baseline_mean": 92.25,
      "delta": -0.5,
      "seed": 26604,
      "treatment_mean": 91.75
    },
    {
      "baseline_mean": 93.5,
      "delta": 0.0,
      "seed": 26605,
      "treatment_mean": 93.5
    },
    {
      "baseline_mean": 89.75,
      "delta": 0.5,
      "seed": 26606,
      "treatment_mean": 90.25
    },
    {
      "baseline_mean": 91.0,
      "delta": 0.75,
      "seed": 26607,
      "treatment_mean": 91.75
    },
    {
      "baseline_mean": 92.0,
      "delta": 1.0,
      "seed": 26608,
      "treatment_mean": 93.0
    },
    {
      "baseline_mean": 91.75,
      "delta": 0.75,
      "seed": 26609,
      "treatment_mean": 92.5
    }
  ],
  "protocol_id": "cascadia-aaaaa-4p-base-v1",
  "provenance": {
    "command_argv": [
      "target/release/cascadia-v2",
      "late-terminal-policy-improvement-compare",
      "--games",
      "10",
      "--first-seed",
      "26600",
      "--terminal-turns",
      "4",
      "--determinizations",
      "8",
      "--policy-candidates",
      "8",
      "--policy-habitat-candidates",
      "6",
      "--policy-bear-candidates",
      "8",
      "--policy-market-draws",
      "4",
      "--sequential",
      "--output",
      "docs/v2/reports/late-terminal-policy-improvement-v1-t4-r8-pilot10.json"
    ],
    "created_unix_seconds": 1781209355,
    "executable": "/Users/johnherrick/cascadia/target/release/cascadia-v2",
    "executable_blake3": "59ac16c48fd95700599f586bd99f0c474d284b117c784c2b6d9793ff1b174fc8",
    "git_dirty": true,
    "git_revision": "a9918946f66c237a803b23ea299c6a514785ae52",
    "git_status_blake3": "040649573460f9e760e60a31f702c6b4fd2d529fbf4cde3f99f4959353a08d33",
    "hardware": {
      "architecture": "aarch64",
      "chip": "Apple M4",
      "logical_cpu_count": 10,
      "memory_bytes": "17179869184",
      "operating_system": "macOS 26.2"
    },
    "input_artifacts": [],
    "toolchain": {
      "cargo": "cargo 1.94.1 (29ea6fb6a 2026-03-24)",
      "package_version": "0.1.0",
      "rustc": "rustc 1.94.1 (e408947bf 2026-03-25)"
    },
    "v2_source_blake3": "70d26870fcbdaecf38940bf7e4a26b7d64444b801593db2fa1b1d335da4aa09b"
  },
  "report_schema_version": 1,
  "seat_games_per_strategy": 40,
  "standard_error": 0.14166666666666666,
  "treatment_breakdown": {
    "habitat": [
      5.875,
      6.0,
      5.625,
      5.975,
      5.8
    ],
    "nature_tokens": 3.8,
    "wildlife": [
      8.425,
      12.05,
      11.975,
      12.05,
      14.675
    ]
  },
  "treatment_decision_latency": {
    "decisions": 800,
    "max_milliseconds": 1818.2192499999999,
    "mean_milliseconds": 73.67569002999994,
    "p50_milliseconds": 1.127896,
    "p90_milliseconds": 315.0520795000001,
    "p99_milliseconds": 995.0729399999999
  },
  "treatment_elapsed_seconds": 58.947167,
  "treatment_id": "late-terminal-policy-improvement-v1-t4-r8-k8-h6-b8-m4",
  "treatment_mean": 92.25,
  "treatment_seconds_per_game": 5.8947167,
  "treatment_statistics": {
    "confidence_95": [
      91.67484398251914,
      92.82515601748086
    ],
    "decision_latency": {
      "decisions": 800,
      "max_milliseconds": 1818.2192499999999,
      "mean_milliseconds": 73.67569002999994,
      "p50_milliseconds": 1.127896,
      "p90_milliseconds": 315.0520795000001,
      "p99_milliseconds": 995.0729399999999
    },
    "game_mean_stddev": 0.927960727138337,
    "max_score": 97.0,
    "mean_breakdown": {
      "habitat": [
        5.875,
        6.0,
        5.625,
        5.975,
        5.8
      ],
      "nature_tokens": 3.8,
      "wildlife": [
        8.425,
        12.05,
        11.975,
        12.05,
        14.675
      ]
    },
    "mean_score": 92.25,
    "min_score": 84.0,
    "percentiles": {
      "p10": 89.0,
      "p50": 92.0,
      "p90": 96.0
    },
    "seat_score_stddev": 2.667467828369185,
    "standard_error": 0.2934469476943168
  }
}
