{
  "protocol_id": "cascadia-aaaaa-4p-base-v1",
  "baseline_id": "determinized-lookahead-v2-k8-r4-d4",
  "treatment_id": "mlx-ranking-v1-k8-b8",
  "games": 20,
  "seat_games_per_strategy": 80,
  "first_seed": 21600,
  "baseline_mean": 90.8625,
  "treatment_mean": 88.6375,
  "baseline_statistics": {
    "mean_score": 90.8625,
    "game_mean_stddev": 1.1455721392892677,
    "seat_score_stddev": 2.858448503664403,
    "standard_error": 0.256157717658066,
    "confidence_95": [
      90.36043087339019,
      91.36456912660981
    ],
    "percentiles": {
      "p10": 87.0,
      "p50": 91.0,
      "p90": 95.0
    },
    "min_score": 83.0,
    "max_score": 96.0,
    "mean_breakdown": {
      "habitat": [
        5.925,
        5.8625,
        5.8625,
        5.6375,
        5.725
      ],
      "wildlife": [
        4.7625,
        12.7,
        13.0625,
        12.875,
        14.775
      ],
      "nature_tokens": 3.675
    }
  },
  "treatment_statistics": {
    "mean_score": 88.6375,
    "game_mean_stddev": 1.478964342476109,
    "seat_score_stddev": 3.701671705827182,
    "standard_error": 0.3307064806074859,
    "confidence_95": [
      87.98931529800933,
      89.28568470199068
    ],
    "percentiles": {
      "p10": 84.0,
      "p50": 89.0,
      "p90": 93.0
    },
    "min_score": 80.0,
    "max_score": 96.0,
    "mean_breakdown": {
      "habitat": [
        5.6375,
        5.9375,
        6.0625,
        5.85,
        5.95
      ],
      "wildlife": [
        6.9875,
        11.2875,
        11.65,
        12.1625,
        13.5
      ],
      "nature_tokens": 3.6125
    }
  },
  "mean_paired_delta": -2.225,
  "paired_delta_stddev": 1.735655495770978,
  "standard_error": 0.38810436740650056,
  "confidence_95": [
    -2.9856845601167414,
    -1.464315439883259
  ],
  "game_wins": 3,
  "game_ties": 0,
  "game_losses": 17,
  "baseline_breakdown": {
    "habitat": [
      5.925,
      5.8625,
      5.8625,
      5.6375,
      5.725
    ],
    "wildlife": [
      4.7625,
      12.7,
      13.0625,
      12.875,
      14.775
    ],
    "nature_tokens": 3.675
  },
  "treatment_breakdown": {
    "habitat": [
      5.6375,
      5.9375,
      6.0625,
      5.85,
      5.95
    ],
    "wildlife": [
      6.9875,
      11.2875,
      11.65,
      12.1625,
      13.5
    ],
    "nature_tokens": 3.6125
  },
  "mean_breakdown_delta": {
    "habitat": [
      -0.28749999999999964,
      0.07500000000000018,
      0.20000000000000018,
      0.21249999999999947,
      0.22500000000000053
    ],
    "wildlife": [
      2.2249999999999996,
      -1.4124999999999996,
      -1.4124999999999996,
      -0.7125000000000004,
      -1.2750000000000004
    ],
    "nature_tokens": -0.0625
  },
  "baseline_elapsed_seconds": 81.825323084,
  "treatment_elapsed_seconds": 10.492962707999999,
  "baseline_seconds_per_game": 4.0912661542,
  "treatment_seconds_per_game": 0.5246481353999999,
  "elapsed_seconds": 92.318363917,
  "pairs": [
    {
      "seed": 21600,
      "baseline_mean": 91.0,
      "treatment_mean": 87.25,
      "delta": -3.75
    },
    {
      "seed": 21601,
      "baseline_mean": 90.0,
      "treatment_mean": 89.0,
      "delta": -1.0
    },
    {
      "seed": 21602,
      "baseline_mean": 92.5,
      "treatment_mean": 87.0,
      "delta": -5.5
    },
    {
      "seed": 21603,
      "baseline_mean": 89.75,
      "treatment_mean": 86.75,
      "delta": -3.0
    },
    {
      "seed": 21604,
      "baseline_mean": 91.5,
      "treatment_mean": 87.75,
      "delta": -3.75
    },
    {
      "seed": 21605,
      "baseline_mean": 91.25,
      "treatment_mean": 89.25,
      "delta": -2.0
    },
    {
      "seed": 21606,
      "baseline_mean": 91.75,
      "treatment_mean": 87.0,
      "delta": -4.75
    },
    {
      "seed": 21607,
      "baseline_mean": 91.25,
      "treatment_mean": 87.25,
      "delta": -4.0
    },
    {
      "seed": 21608,
      "baseline_mean": 92.25,
      "treatment_mean": 88.0,
      "delta": -4.25
    },
    {
      "seed": 21609,
      "baseline_mean": 89.5,
      "treatment_mean": 88.5,
      "delta": -1.0
    },
    {
      "seed": 21610,
      "baseline_mean": 89.0,
      "treatment_mean": 89.25,
      "delta": 0.25
    },
    {
      "seed": 21611,
      "baseline_mean": 90.5,
      "treatment_mean": 88.25,
      "delta": -2.25
    },
    {
      "seed": 21612,
      "baseline_mean": 91.25,
      "treatment_mean": 90.0,
      "delta": -1.25
    },
    {
      "seed": 21613,
      "baseline_mean": 91.25,
      "treatment_mean": 89.0,
      "delta": -2.25
    },
    {
      "seed": 21614,
      "baseline_mean": 88.75,
      "treatment_mean": 89.0,
      "delta": 0.25
    },
    {
      "seed": 21615,
      "baseline_mean": 92.5,
      "treatment_mean": 91.75,
      "delta": -0.75
    },
    {
      "seed": 21616,
      "baseline_mean": 90.5,
      "treatment_mean": 88.25,
      "delta": -2.25
    },
    {
      "seed": 21617,
      "baseline_mean": 90.25,
      "treatment_mean": 90.75,
      "delta": 0.5
    },
    {
      "seed": 21618,
      "baseline_mean": 92.5,
      "treatment_mean": 91.5,
      "delta": -1.0
    },
    {
      "seed": 21619,
      "baseline_mean": 90.0,
      "treatment_mean": 87.25,
      "delta": -2.75
    }
  ]
}
