{
  "baseline_breakdown": {
    "habitat": [
      5.6,
      5.875,
      5.775,
      5.975,
      5.6
    ],
    "nature_tokens": 3.925,
    "wildlife": [
      8.75,
      11.1,
      12.05,
      12.5,
      14.775
    ]
  },
  "baseline_decision_latency": {
    "decisions": 800,
    "max_milliseconds": 49.027459,
    "mean_milliseconds": 5.926602918749996,
    "p50_milliseconds": 4.4147295,
    "p90_milliseconds": 12.276450299999999,
    "p99_milliseconds": 23.560746749999982
  },
  "baseline_elapsed_seconds": 4.752768124999999,
  "baseline_id": "pattern-aware-v1-k8-h6-b8-m4",
  "baseline_mean": 91.925,
  "baseline_seconds_per_game": 0.4752768124999999,
  "baseline_statistics": {
    "confidence_95": [
      90.72020213774721,
      93.12979786225279
    ],
    "decision_latency": {
      "decisions": 800,
      "max_milliseconds": 49.027459,
      "mean_milliseconds": 5.926602918749996,
      "p50_milliseconds": 4.4147295,
      "p90_milliseconds": 12.276450299999999,
      "p99_milliseconds": 23.560746749999982
    },
    "game_mean_stddev": 1.9438292677656193,
    "max_score": 100.0,
    "mean_breakdown": {
      "habitat": [
        5.6,
        5.875,
        5.775,
        5.975,
        5.6
      ],
      "nature_tokens": 3.925,
      "wildlife": [
        8.75,
        11.1,
        12.05,
        12.5,
        14.775
      ]
    },
    "mean_score": 91.925,
    "min_score": 86.0,
    "percentiles": {
      "p10": 88.0,
      "p50": 92.0,
      "p90": 95.1
    },
    "seat_score_stddev": 2.929842036522509,
    "standard_error": 0.6146927868636676
  },
  "confidence_95": [
    -1.9254337469676492,
    0.5754337469676492
  ],
  "configuration": {
    "compare": {
      "baseline": "pattern-aware",
      "first_seed": 24100,
      "games": 10,
      "output": "docs/v2/reports/pattern-commitment-v1-t2-pilot10.json",
      "sequential": false,
      "treatment": "pattern-commitment"
    }
  },
  "elapsed_seconds": 1.556009917,
  "first_seed": 24100,
  "game_losses": 5,
  "game_ties": 0,
  "game_wins": 5,
  "games": 10,
  "mean_breakdown_delta": {
    "habitat": [
      -0.5999999999999996,
      -0.125,
      0.22499999999999964,
      -0.125,
      -0.1999999999999993
    ],
    "nature_tokens": -0.32499999999999973,
    "wildlife": [
      0.09999999999999964,
      0.7000000000000011,
      0.7249999999999996,
      -1.125,
      0.07499999999999929
    ]
  },
  "mean_paired_delta": -0.675,
  "paired_delta_stddev": 2.017458522222672,
  "pairs": [
    {
      "baseline_mean": 93.25,
      "delta": -3.25,
      "seed": 24100,
      "treatment_mean": 90.0
    },
    {
      "baseline_mean": 91.25,
      "delta": -2.75,
      "seed": 24101,
      "treatment_mean": 88.5
    },
    {
      "baseline_mean": 95.0,
      "delta": -2.5,
      "seed": 24102,
      "treatment_mean": 92.5
    },
    {
      "baseline_mean": 88.25,
      "delta": 2.75,
      "seed": 24103,
      "treatment_mean": 91.0
    },
    {
      "baseline_mean": 89.75,
      "delta": 0.25,
      "seed": 24104,
      "treatment_mean": 90.0
    },
    {
      "baseline_mean": 91.25,
      "delta": 0.75,
      "seed": 24105,
      "treatment_mean": 92.0
    },
    {
      "baseline_mean": 92.0,
      "delta": 1.0,
      "seed": 24106,
      "treatment_mean": 93.0
    },
    {
      "baseline_mean": 93.5,
      "delta": -2.0,
      "seed": 24107,
      "treatment_mean": 91.5
    },
    {
      "baseline_mean": 92.0,
      "delta": 0.75,
      "seed": 24108,
      "treatment_mean": 92.75
    },
    {
      "baseline_mean": 93.0,
      "delta": -1.75,
      "seed": 24109,
      "treatment_mean": 91.25
    }
  ],
  "protocol_id": "cascadia-aaaaa-4p-base-v1",
  "provenance": {
    "command_argv": [
      "target/release/cascadia-v2",
      "compare",
      "--games",
      "10",
      "--first-seed",
      "24100",
      "--baseline",
      "pattern-aware",
      "--treatment",
      "pattern-commitment",
      "--output",
      "docs/v2/reports/pattern-commitment-v1-t2-pilot10.json"
    ],
    "created_unix_seconds": 1781166546,
    "executable": "/Users/johnherrick/cascadia/target/release/cascadia-v2",
    "executable_blake3": "c4707b550a0959a85e07a8253ac6f7d799d8d248d7536dbe6131fcbbe54d8cbf",
    "git_dirty": true,
    "git_revision": "a9918946f66c237a803b23ea299c6a514785ae52",
    "git_status_blake3": "040649573460f9e760e60a31f702c6b4fd2d529fbf4cde3f99f4959353a08d33",
    "hardware": {
      "architecture": "aarch64",
      "chip": "Apple M4",
      "logical_cpu_count": 10,
      "memory_bytes": "17179869184",
      "operating_system": "macOS 26.2"
    },
    "input_artifacts": [],
    "toolchain": {
      "cargo": "cargo 1.94.1 (29ea6fb6a 2026-03-24)",
      "package_version": "0.1.0",
      "rustc": "rustc 1.94.1 (e408947bf 2026-03-25)"
    },
    "v2_source_blake3": "16c688b2950512f701d6f1469fb599666894fba4501257f9fa68e2b7d66fcb05"
  },
  "report_schema_version": 1,
  "seat_games_per_strategy": 40,
  "standard_error": 0.6379764015141067,
  "treatment_breakdown": {
    "habitat": [
      5.0,
      5.75,
      6.0,
      5.85,
      5.4
    ],
    "nature_tokens": 3.6,
    "wildlife": [
      8.85,
      11.8,
      12.775,
      11.375,
      14.85
    ]
  },
  "treatment_decision_latency": {
    "decisions": 800,
    "max_milliseconds": 142.349958,
    "mean_milliseconds": 11.912099908750008,
    "p50_milliseconds": 10.4239995,
    "p90_milliseconds": 21.7522834,
    "p99_milliseconds": 43.077355000000004
  },
  "treatment_elapsed_seconds": 9.547631041999999,
  "treatment_id": "pattern-commitment-v1-k8-h6-b8-m4-t2",
  "treatment_mean": 91.25,
  "treatment_seconds_per_game": 0.9547631041999999,
  "treatment_statistics": {
    "confidence_95": [
      90.36739526904105,
      92.13260473095895
    ],
    "decision_latency": {
      "decisions": 800,
      "max_milliseconds": 142.349958,
      "mean_milliseconds": 11.912099908750008,
      "p50_milliseconds": 10.4239995,
      "p90_milliseconds": 21.7522834,
      "p99_milliseconds": 43.077355000000004
    },
    "game_mean_stddev": 1.4240006242195884,
    "max_score": 98.0,
    "mean_breakdown": {
      "habitat": [
        5.0,
        5.75,
        6.0,
        5.85,
        5.4
      ],
      "nature_tokens": 3.6,
      "wildlife": [
        8.85,
        11.8,
        12.775,
        11.375,
        14.85
      ]
    },
    "mean_score": 91.25,
    "min_score": 85.0,
    "percentiles": {
      "p10": 87.0,
      "p50": 91.0,
      "p90": 96.0
    },
    "seat_score_stddev": 3.24037034920393,
    "standard_error": 0.4503085362035431
  }
}
