{
  "baseline_breakdown": {
    "habitat": [
      5.53,
      5.915,
      5.79,
      5.885,
      5.83
    ],
    "nature_tokens": 3.975,
    "wildlife": [
      7.91,
      11.66,
      12.415,
      12.035,
      14.945
    ]
  },
  "baseline_decision_latency": {
    "decisions": 4000,
    "max_milliseconds": 48.48675,
    "mean_milliseconds": 3.6369288447499963,
    "p50_milliseconds": 3.1756665,
    "p90_milliseconds": 6.863520600000001,
    "p99_milliseconds": 11.533543749999948
  },
  "baseline_elapsed_seconds": 14.583799203999998,
  "baseline_id": "pattern-aware-v1-k8-h6-b8-m4",
  "baseline_mean": 91.89,
  "baseline_seconds_per_game": 0.29167598407999995,
  "baseline_statistics": {
    "confidence_95": [
      91.41437897439242,
      92.36562102560758
    ],
    "decision_latency": {
      "decisions": 4000,
      "max_milliseconds": 48.48675,
      "mean_milliseconds": 3.6369288447499963,
      "p50_milliseconds": 3.1756665,
      "p90_milliseconds": 6.863520600000001,
      "p99_milliseconds": 11.533543749999948
    },
    "game_mean_stddev": 1.7158921045000801,
    "max_score": 99.0,
    "mean_breakdown": {
      "habitat": [
        5.53,
        5.915,
        5.79,
        5.885,
        5.83
      ],
      "nature_tokens": 3.975,
      "wildlife": [
        7.91,
        11.66,
        12.415,
        12.035,
        14.945
      ]
    },
    "mean_score": 91.89,
    "min_score": 80.0,
    "percentiles": {
      "p10": 88.0,
      "p50": 92.0,
      "p90": 96.0
    },
    "seat_score_stddev": 3.1698802348854733,
    "standard_error": 0.24266378857529253
  },
  "confidence_95": [
    -1.6964990627679464,
    -0.5335009372320536
  ],
  "configuration": {
    "lookahead-compare": {
      "baseline": "pattern-aware",
      "candidates": 8,
      "determinizations": 4,
      "first_seed": 23400,
      "games": 50,
      "greedy_plies": 4,
      "output": "docs/v2/reports/pattern-aware-v1-vs-promoted-k8-confirm50.json"
    }
  },
  "elapsed_seconds": 225.924115834,
  "first_seed": 23400,
  "game_losses": 34,
  "game_ties": 1,
  "game_wins": 15,
  "games": 50,
  "mean_breakdown_delta": {
    "habitat": [
      0.054999999999999716,
      0.03000000000000025,
      0.09499999999999975,
      0.04499999999999993,
      -0.21999999999999975
    ],
    "nature_tokens": -0.6400000000000001,
    "wildlife": [
      -2.8049999999999997,
      0.8699999999999992,
      0.34000000000000163,
      0.7949999999999999,
      0.3200000000000003
    ]
  },
  "mean_paired_delta": -1.115,
  "paired_delta_stddev": 2.097866992534881,
  "pairs": [
    {
      "baseline_mean": 93.25,
      "delta": -2.75,
      "seed": 23400,
      "treatment_mean": 90.5
    },
    {
      "baseline_mean": 90.5,
      "delta": -0.75,
      "seed": 23401,
      "treatment_mean": 89.75
    },
    {
      "baseline_mean": 93.25,
      "delta": -4.25,
      "seed": 23402,
      "treatment_mean": 89.0
    },
    {
      "baseline_mean": 91.5,
      "delta": 0.5,
      "seed": 23403,
      "treatment_mean": 92.0
    },
    {
      "baseline_mean": 95.0,
      "delta": -4.75,
      "seed": 23404,
      "treatment_mean": 90.25
    },
    {
      "baseline_mean": 92.0,
      "delta": -1.5,
      "seed": 23405,
      "treatment_mean": 90.5
    },
    {
      "baseline_mean": 91.0,
      "delta": -0.25,
      "seed": 23406,
      "treatment_mean": 90.75
    },
    {
      "baseline_mean": 92.5,
      "delta": 0.75,
      "seed": 23407,
      "treatment_mean": 93.25
    },
    {
      "baseline_mean": 93.25,
      "delta": -1.0,
      "seed": 23408,
      "treatment_mean": 92.25
    },
    {
      "baseline_mean": 90.75,
      "delta": 0.0,
      "seed": 23409,
      "treatment_mean": 90.75
    },
    {
      "baseline_mean": 93.75,
      "delta": -1.5,
      "seed": 23410,
      "treatment_mean": 92.25
    },
    {
      "baseline_mean": 90.75,
      "delta": 0.5,
      "seed": 23411,
      "treatment_mean": 91.25
    },
    {
      "baseline_mean": 90.5,
      "delta": -1.0,
      "seed": 23412,
      "treatment_mean": 89.5
    },
    {
      "baseline_mean": 94.5,
      "delta": -4.0,
      "seed": 23413,
      "treatment_mean": 90.5
    },
    {
      "baseline_mean": 91.75,
      "delta": -1.0,
      "seed": 23414,
      "treatment_mean": 90.75
    },
    {
      "baseline_mean": 91.75,
      "delta": 0.75,
      "seed": 23415,
      "treatment_mean": 92.5
    },
    {
      "baseline_mean": 90.25,
      "delta": -1.25,
      "seed": 23416,
      "treatment_mean": 89.0
    },
    {
      "baseline_mean": 92.25,
      "delta": -2.75,
      "seed": 23417,
      "treatment_mean": 89.5
    },
    {
      "baseline_mean": 93.0,
      "delta": -2.5,
      "seed": 23418,
      "treatment_mean": 90.5
    },
    {
      "baseline_mean": 93.25,
      "delta": -2.25,
      "seed": 23419,
      "treatment_mean": 91.0
    },
    {
      "baseline_mean": 90.5,
      "delta": -1.5,
      "seed": 23420,
      "treatment_mean": 89.0
    },
    {
      "baseline_mean": 90.25,
      "delta": 0.25,
      "seed": 23421,
      "treatment_mean": 90.5
    },
    {
      "baseline_mean": 92.5,
      "delta": -0.5,
      "seed": 23422,
      "treatment_mean": 92.0
    },
    {
      "baseline_mean": 93.25,
      "delta": -3.75,
      "seed": 23423,
      "treatment_mean": 89.5
    },
    {
      "baseline_mean": 91.75,
      "delta": -1.25,
      "seed": 23424,
      "treatment_mean": 90.5
    },
    {
      "baseline_mean": 95.25,
      "delta": -4.75,
      "seed": 23425,
      "treatment_mean": 90.5
    },
    {
      "baseline_mean": 93.25,
      "delta": 0.75,
      "seed": 23426,
      "treatment_mean": 94.0
    },
    {
      "baseline_mean": 90.75,
      "delta": 2.0,
      "seed": 23427,
      "treatment_mean": 92.75
    },
    {
      "baseline_mean": 90.5,
      "delta": 1.5,
      "seed": 23428,
      "treatment_mean": 92.0
    },
    {
      "baseline_mean": 91.25,
      "delta": -0.25,
      "seed": 23429,
      "treatment_mean": 91.0
    },
    {
      "baseline_mean": 89.0,
      "delta": 2.0,
      "seed": 23430,
      "treatment_mean": 91.0
    },
    {
      "baseline_mean": 89.0,
      "delta": 3.0,
      "seed": 23431,
      "treatment_mean": 92.0
    },
    {
      "baseline_mean": 94.75,
      "delta": -3.5,
      "seed": 23432,
      "treatment_mean": 91.25
    },
    {
      "baseline_mean": 90.0,
      "delta": 0.75,
      "seed": 23433,
      "treatment_mean": 90.75
    },
    {
      "baseline_mean": 91.75,
      "delta": -0.5,
      "seed": 23434,
      "treatment_mean": 91.25
    },
    {
      "baseline_mean": 95.5,
      "delta": -5.25,
      "seed": 23435,
      "treatment_mean": 90.25
    },
    {
      "baseline_mean": 93.5,
      "delta": -2.25,
      "seed": 23436,
      "treatment_mean": 91.25
    },
    {
      "baseline_mean": 89.25,
      "delta": 0.5,
      "seed": 23437,
      "treatment_mean": 89.75
    },
    {
      "baseline_mean": 91.75,
      "delta": -1.75,
      "seed": 23438,
      "treatment_mean": 90.0
    },
    {
      "baseline_mean": 88.0,
      "delta": 3.5,
      "seed": 23439,
      "treatment_mean": 91.5
    },
    {
      "baseline_mean": 92.5,
      "delta": -3.25,
      "seed": 23440,
      "treatment_mean": 89.25
    },
    {
      "baseline_mean": 92.0,
      "delta": 0.5,
      "seed": 23441,
      "treatment_mean": 92.5
    },
    {
      "baseline_mean": 92.75,
      "delta": -1.5,
      "seed": 23442,
      "treatment_mean": 91.25
    },
    {
      "baseline_mean": 91.25,
      "delta": -1.5,
      "seed": 23443,
      "treatment_mean": 89.75
    },
    {
      "baseline_mean": 94.0,
      "delta": -4.5,
      "seed": 23444,
      "treatment_mean": 89.5
    },
    {
      "baseline_mean": 91.5,
      "delta": -0.75,
      "seed": 23445,
      "treatment_mean": 90.75
    },
    {
      "baseline_mean": 92.0,
      "delta": -3.5,
      "seed": 23446,
      "treatment_mean": 88.5
    },
    {
      "baseline_mean": 89.25,