{
  "baseline_breakdown": {
    "habitat": [
      5.625,
      5.725,
      5.725,
      5.8,
      6.3
    ],
    "nature_tokens": 3.75,
    "wildlife": [
      7.2,
      12.05,
      12.75,
      11.65,
      15.0
    ]
  },
  "baseline_decision_latency": {
    "decisions": 800,
    "max_milliseconds": 25.9265,
    "mean_milliseconds": 3.428034564999999,
    "p50_milliseconds": 2.4643545,
    "p90_milliseconds": 7.650925300000002,
    "p99_milliseconds": 13.510617579999998
  },
  "baseline_elapsed_seconds": 2.750976417,
  "baseline_id": "pattern-aware-v1-k8-h6-b8-m4",
  "baseline_mean": 91.575,
  "baseline_seconds_per_game": 0.2750976417,
  "baseline_statistics": {
    "confidence_95": [
      90.8157195657876,
      92.3342804342124
    ],
    "decision_latency": {
      "decisions": 800,
      "max_milliseconds": 25.9265,
      "mean_milliseconds": 3.428034564999999,
      "p50_milliseconds": 2.4643545,
      "p90_milliseconds": 7.650925300000002,
      "p99_milliseconds": 13.510617579999998
    },
    "game_mean_stddev": 1.2250283443432826,
    "max_score": 98.0,
    "mean_breakdown": {
      "habitat": [
        5.625,
        5.725,
        5.725,
        5.8,
        6.3
      ],
      "nature_tokens": 3.75,
      "wildlife": [
        7.2,
        12.05,
        12.75,
        11.65,
        15.0
      ]
    },
    "mean_score": 91.575,
    "min_score": 86.0,
    "percentiles": {
      "p10": 88.0,
      "p50": 91.0,
      "p90": 96.0
    },
    "seat_score_stddev": 3.045698942982063,
    "standard_error": 0.3873879766389819
  },
  "confidence_95": [
    -0.16731973887552432,
    1.4673197388755244
  ],
  "configuration": {
    "compare": {
      "baseline": "pattern-aware",
      "first_seed": 24400,
      "games": 10,
      "output": "docs/v2/reports/pattern-commitment-v2-phase-capped-pilot10.json",
      "sequential": false,
      "treatment": "pattern-commitment"
    }
  },
  "elapsed_seconds": 0.659977042,
  "first_seed": 24400,
  "game_losses": 2,
  "game_ties": 0,
  "game_wins": 8,
  "games": 10,
  "mean_breakdown_delta": {
    "habitat": [
      -0.25,
      0.125,
      -0.024999999999999467,
      -0.024999999999999467,
      -0.47499999999999964
    ],
    "nature_tokens": 0.34999999999999964,
    "wildlife": [
      1.8999999999999995,
      -0.3000000000000007,
      0.025000000000000355,
      -0.25,
      -0.4250000000000007
    ]
  },
  "mean_paired_delta": 0.65,
  "paired_delta_stddev": 1.3186693629901654,
  "pairs": [
    {
      "baseline_mean": 92.75,
      "delta": 2.0,
      "seed": 24400,
      "treatment_mean": 94.75
    },
    {
      "baseline_mean": 92.25,
      "delta": 1.5,
      "seed": 24401,
      "treatment_mean": 93.75
    },
    {
      "baseline_mean": 89.0,
      "delta": 0.5,
      "seed": 24402,
      "treatment_mean": 89.5
    },
    {
      "baseline_mean": 91.5,
      "delta": 1.5,
      "seed": 24403,
      "treatment_mean": 93.0
    },
    {
      "baseline_mean": 91.0,
      "delta": 1.25,
      "seed": 24404,
      "treatment_mean": 92.25
    },
    {
      "baseline_mean": 90.25,
      "delta": 1.5,
      "seed": 24405,
      "treatment_mean": 91.75
    },
    {
      "baseline_mean": 93.0,
      "delta": -0.5,
      "seed": 24406,
      "treatment_mean": 92.5
    },
    {
      "baseline_mean": 91.75,
      "delta": 0.75,
      "seed": 24407,
      "treatment_mean": 92.5
    },
    {
      "baseline_mean": 92.5,
      "delta": 0.5,
      "seed": 24408,
      "treatment_mean": 93.0
    },
    {
      "baseline_mean": 91.75,
      "delta": -2.5,
      "seed": 24409,
      "treatment_mean": 89.25
    }
  ],
  "protocol_id": "cascadia-aaaaa-4p-base-v1",
  "provenance": {
    "command_argv": [
      "target/release/cascadia-v2",
      "compare",
      "--games",
      "10",
      "--first-seed",
      "24400",
      "--baseline",
      "pattern-aware",
      "--treatment",
      "pattern-commitment",
      "--output",
      "docs/v2/reports/pattern-commitment-v2-phase-capped-pilot10.json"
    ],
    "created_unix_seconds": 1781166716,
    "executable": "/Users/johnherrick/cascadia/target/release/cascadia-v2",
    "executable_blake3": "a7e47b2f8373d6b4dde22c562821a54ccffedf7ab44ffb52c77167c45fe47e7e",
    "git_dirty": true,
    "git_revision": "a9918946f66c237a803b23ea299c6a514785ae52",
    "git_status_blake3": "040649573460f9e760e60a31f702c6b4fd2d529fbf4cde3f99f4959353a08d33",
    "hardware": {
      "architecture": "aarch64",
      "chip": "Apple M4",
      "logical_cpu_count": 10,
      "memory_bytes": "17179869184",
      "operating_system": "macOS 26.2"
    },
    "input_artifacts": [],
    "toolchain": {
      "cargo": "cargo 1.94.1 (29ea6fb6a 2026-03-24)",
      "package_version": "0.1.0",
      "rustc": "rustc 1.94.1 (e408947bf 2026-03-25)"
    },
    "v2_source_blake3": "e8d80e5d207a8fa1b153adb4528aecb4817646d56b8bbb80ce316a23e551d819"
  },
  "report_schema_version": 1,
  "seat_games_per_strategy": 40,
  "standard_error": 0.4169998667732267,
  "treatment_breakdown": {
    "habitat": [
      5.375,
      5.85,
      5.7,
      5.775,
      5.825
    ],
    "nature_tokens": 4.1,
    "wildlife": [
      9.1,
      11.75,
      12.775,
      11.4,
      14.575
    ]
  },
  "treatment_decision_latency": {
    "decisions": 800,
    "max_milliseconds": 17.299625,
    "mean_milliseconds": 4.215603082499995,
    "p50_milliseconds": 3.5386040000000003,
    "p90_milliseconds": 8.272125,
    "p99_milliseconds": 11.790573749999993
  },
  "treatment_elapsed_seconds": 3.3790809999999993,
  "treatment_id": "pattern-commitment-v2-k8-h6-b8-m4-t2-phase-capped",
  "treatment_mean": 92.225,
  "treatment_seconds_per_game": 0.33790809999999993,
  "treatment_statistics": {
    "confidence_95": [
      91.16032221880148,
      93.2896777811985
    ],
    "decision_latency": {
      "decisions": 800,
      "max_milliseconds": 17.299625,
      "mean_milliseconds": 4.215603082499995,
      "p50_milliseconds": 3.5386040000000003,
      "p90_milliseconds": 8.272125,
      "p99_milliseconds": 11.790573749999993
    },
    "game_mean_stddev": 1.7177585524294279,
    "max_score": 100.0,
    "mean_breakdown": {
      "habitat": [
        5.375,
        5.85,
        5.7,
        5.775,
        5.825
      ],
      "nature_tokens": 4.1,
      "wildlife": [
        9.1,
        11.75,
        12.775,
        11.4,
        14.575
      ]
    },
    "mean_score": 92.225,
    "min_score": 86.0,
    "percentiles": {
      "p10": 89.0,
      "p50": 92.0,
      "p90": 96.0
    },
    "seat_score_stddev": 2.805557671150933,
    "standard_error": 0.5432029495910753
  }
}
