{
  "baseline_breakdown": {
    "habitat": [
      5.6,
      5.725,
      5.625,
      5.6,
      5.975
    ],
    "nature_tokens": 3.8,
    "wildlife": [
      7.85,
      12.25,
      11.7,
      12.825,
      14.425
    ]
  },
  "baseline_decision_latency": {
    "decisions": 800,
    "max_milliseconds": 137.793042,
    "mean_milliseconds": 1.330426717499999,
    "p50_milliseconds": 1.0779165000000002,
    "p90_milliseconds": 1.9312044000000004,
    "p99_milliseconds": 3.6553907399999988
  },
  "baseline_elapsed_seconds": 1.070749084,
  "baseline_id": "pattern-aware-v1-k8-h6-b8-m4",
  "baseline_mean": 91.375,
  "baseline_seconds_per_game": 0.1070749084,
  "baseline_statistics": {
    "confidence_95": [
      90.39160310939863,
      92.35839689060137
    ],
    "decision_latency": {
      "decisions": 800,
      "max_milliseconds": 137.793042,
      "mean_milliseconds": 1.330426717499999,
      "p50_milliseconds": 1.0779165000000002,
      "p90_milliseconds": 1.9312044000000004,
      "p99_milliseconds": 3.6553907399999988
    },
    "game_mean_stddev": 1.586619397054981,
    "max_score": 100.0,
    "mean_breakdown": {
      "habitat": [
        5.6,
        5.725,
        5.625,
        5.6,
        5.975
      ],
      "nature_tokens": 3.8,
      "wildlife": [
        7.85,
        12.25,
        11.7,
        12.825,
        14.425
      ]
    },
    "mean_score": 91.375,
    "min_score": 86.0,
    "percentiles": {
      "p10": 87.9,
      "p50": 92.0,
      "p90": 94.1
    },
    "seat_score_stddev": 3.1434710522621736,
    "standard_error": 0.5017331074496789
  },
  "confidence_95": [
    0.2987521662448862,
    3.2512478337551136
  ],
  "configuration": {
    "perfect-information-oracle-compare": {
      "first_seed": 28900,
      "games": 10,
      "output": "docs/v2/reports/perfect-information-frontier-bound-v1-pilot10.json",
      "policy_bear_candidates": 8,
      "policy_candidates": 8,
      "policy_habitat_candidates": 6,
      "policy_market_draws": 4
    }
  },
  "elapsed_seconds": 125.643965791,
  "first_seed": 28900,
  "game_losses": 2,
  "game_ties": 0,
  "game_wins": 8,
  "games": 10,
  "mean_breakdown_delta": {
    "habitat": [
      -0.17499999999999982,
      0.7250000000000005,
      -0.09999999999999964,
      -0.5,
      0.4250000000000007
    ],
    "nature_tokens": -0.2749999999999999,
    "wildlife": [
      11.325000000000001,
      -4.975,
      -0.049999999999998934,
      -4.049999999999999,
      -0.5750000000000011
    ]
  },
  "mean_paired_delta": 1.775,
  "paired_delta_stddev": 2.381788543650898,
  "pairs": [
    {
      "baseline_mean": 93.75,
      "delta": -3.0,
      "seed": 28900,
      "treatment_mean": 90.75
    },
    {
      "baseline_mean": 92.0,
      "delta": 1.75,
      "seed": 28901,
      "treatment_mean": 93.75
    },
    {
      "baseline_mean": 91.75,
      "delta": -0.25,
      "seed": 28902,
      "treatment_mean": 91.5
    },
    {
      "baseline_mean": 92.25,
      "delta": 5.0,
      "seed": 28903,
      "treatment_mean": 97.25
    },
    {
      "baseline_mean": 91.25,
      "delta": 1.25,
      "seed": 28904,
      "treatment_mean": 92.5
    },
    {
      "baseline_mean": 92.25,
      "delta": 1.75,
      "seed": 28905,
      "treatment_mean": 94.0
    },
    {
      "baseline_mean": 88.5,
      "delta": 2.0,
      "seed": 28906,
      "treatment_mean": 90.5
    },
    {
      "baseline_mean": 92.5,
      "delta": 0.75,
      "seed": 28907,
      "treatment_mean": 93.25
    },
    {
      "baseline_mean": 89.5,
      "delta": 4.0,
      "seed": 28908,
      "treatment_mean": 93.5
    },
    {
      "baseline_mean": 90.0,
      "delta": 4.5,
      "seed": 28909,
      "treatment_mean": 94.5
    }
  ],
  "protocol_id": "cascadia-aaaaa-4p-base-v1",
  "provenance": {
    "command_argv": [
      "target/release/cascadia-v2",
      "perfect-information-oracle-compare",
      "--games",
      "10",
      "--first-seed",
      "28900",
      "--output",
      "docs/v2/reports/perfect-information-frontier-bound-v1-pilot10.json"
    ],
    "created_unix_seconds": 1781224274,
    "executable": "/Users/johnherrick/cascadia/target/release/cascadia-v2",
    "executable_blake3": "5859375f93a96e4ff567fffaa29d98ba62daa48192a22b15b7bc159027c206ae",
    "git_dirty": true,
    "git_revision": "a9918946f66c237a803b23ea299c6a514785ae52",
    "git_status_blake3": "040649573460f9e760e60a31f702c6b4fd2d529fbf4cde3f99f4959353a08d33",
    "hardware": {
      "architecture": "aarch64",
      "chip": "Apple M4",
      "logical_cpu_count": 10,
      "memory_bytes": "17179869184",
      "operating_system": "macOS 26.2"
    },
    "input_artifacts": [],
    "toolchain": {
      "cargo": "cargo 1.94.1 (29ea6fb6a 2026-03-24)",
      "package_version": "0.1.0",
      "rustc": "rustc 1.94.1 (e408947bf 2026-03-25)"
    },
    "v2_source_blake3": "49830c8ef9af33db27b112968dd9f450d6233690ff49d3870823dc5e0dd87237"
  },
  "report_schema_version": 1,
  "seat_games_per_strategy": 40,
  "standard_error": 0.7531876702832213,
  "treatment_breakdown": {
    "habitat": [
      5.425,
      6.45,
      5.525,
      5.1,
      6.4
    ],
    "nature_tokens": 3.525,
    "wildlife": [
      19.175,
      7.275,
      11.65,
      8.775,
      13.85
    ]
  },
  "treatment_decision_latency": {
    "decisions": 800,
    "max_milliseconds": 688.983083,
    "mean_milliseconds": 152.09959848999998,
    "p50_milliseconds": 143.28175,
    "p90_milliseconds": 274.6087789,
    "p99_milliseconds": 408.2746787499999
  },
  "treatment_elapsed_seconds": 124.57298750000001,
  "treatment_id": "perfect-information-pattern-oracle-v1-k8-h6-b8-m4",
  "treatment_mean": 93.15,
  "treatment_seconds_per_game": 12.457298750000001,
  "treatment_statistics": {
    "confidence_95": [
      91.91426701913399,
      94.38573298086602
    ],
    "decision_latency": {
      "decisions": 800,
      "max_milliseconds": 688.983083,
      "mean_milliseconds": 152.09959848999998,
      "p50_milliseconds": 143.28175,
      "p90_milliseconds": 274.6087789,
      "p99_milliseconds": 408.2746787499999
    },
    "game_mean_stddev": 1.9937402037376886,
    "max_score": 100.0,
    "mean_breakdown": {
      "habitat": [
        5.425,
        6.45,
        5.525,
        5.1,
        6.4
      ],
      "nature_tokens": 3.525,
      "wildlife": [
        19.175,
        7.275,
        11.65,
        8.775,
        13.85
      ]
    },
    "mean_score": 93.15,
    "min_score": 86.0,
    "percentiles": {
      "p10": 89.0,
      "p50": 93.5,
      "p90": 98.0
    },
    "seat_score_stddev": 3.2308608045630094,
    "standard_error": 0.6304760106459245
  }
}
