{
  "baseline_breakdown": {
    "habitat": [
      5.25,
      6.333333333333333,
      5.833333333333333,
      6.5,
      5.166666666666667
    ],
    "nature_tokens": 4.583333333333333,
    "wildlife": [
      9.833333333333334,
      11.333333333333334,
      12.333333333333334,
      12.0,
      14.333333333333334
    ]
  },
  "baseline_decision_latency": {
    "decisions": 240,
    "max_milliseconds": 51.289500000000004,
    "mean_milliseconds": 2.0772878291666657,
    "p50_milliseconds": 1.4983545,
    "p90_milliseconds": 3.662616299999999,
    "p99_milliseconds": 8.046203889999955
  },
  "baseline_elapsed_seconds": 0.49965883299999997,
  "baseline_id": "pattern-aware-v1-k8-h6-b8-m4",
  "baseline_mean": 93.5,
  "baseline_seconds_per_game": 0.1665529443333333,
  "baseline_statistics": {
    "confidence_95": [
      90.80129043182981,
      96.19870956817019
    ],
    "decision_latency": {
      "decisions": 240,
      "max_milliseconds": 51.289500000000004,
      "mean_milliseconds": 2.0772878291666657,
      "p50_milliseconds": 1.4983545,
      "p90_milliseconds": 3.662616299999999,
      "p99_milliseconds": 8.046203889999955
    },
    "game_mean_stddev": 2.384848003542364,
    "max_score": 99.0,
    "mean_breakdown": {
      "habitat": [
        5.25,
        6.333333333333333,
        5.833333333333333,
        6.5,
        5.166666666666667
      ],
      "nature_tokens": 4.583333333333333,
      "wildlife": [
        9.833333333333334,
        11.333333333333334,
        12.333333333333334,
        12.0,
        14.333333333333334
      ]
    },
    "mean_score": 93.5,
    "min_score": 88.0,
    "percentiles": {
      "p10": 89.0,
      "p50": 95.5,
      "p90": 97.8
    },
    "seat_score_stddev": 3.9886201760873283,
    "standard_error": 1.3768926368215255
  },
  "confidence_95": [
    -2.248846325912014,
    4.91551299257868
  ],
  "configuration": {
    "terminal-policy-improvement-compare": {
      "determinizations": 8,
      "first_seed": 24900,
      "games": 3,
      "output": "docs/v2/reports/terminal-policy-improvement-v2-r8-pilot3.json",
      "policy_bear_candidates": 8,
      "policy_candidates": 8,
      "policy_habitat_candidates": 6,
      "policy_market_draws": 4
    }
  },
  "elapsed_seconds": 558.132763542,
  "first_seed": 24900,
  "game_losses": 1,
  "game_ties": 0,
  "game_wins": 2,
  "games": 3,
  "mean_breakdown_delta": {
    "habitat": [
      0.25,
      0.25,
      0.5,
      0.08333333333333304,
      0.33333333333333304
    ],
    "nature_tokens": -0.4166666666666661,
    "wildlife": [
      1.75,
      -1.1666666666666679,
      0.8333333333333321,
      -0.9166666666666661,
      -0.16666666666666785
    ]
  },
  "mean_paired_delta": 1.3333333333333333,
  "paired_delta_stddev": 3.1655699855370965,
  "pairs": [
    {
      "baseline_mean": 90.75,
      "delta": 4.75,
      "seed": 24900,
      "treatment_mean": 95.5
    },
    {
      "baseline_mean": 95.0,
      "delta": -1.5,
      "seed": 24901,
      "treatment_mean": 93.5
    },
    {
      "baseline_mean": 94.75,
      "delta": 0.75,
      "seed": 24902,
      "treatment_mean": 95.5
    }
  ],
  "protocol_id": "cascadia-aaaaa-4p-base-v1",
  "provenance": {
    "command_argv": [
      "target/release/cascadia-v2",
      "terminal-policy-improvement-compare",
      "--games",
      "3",
      "--first-seed",
      "24900",
      "--determinizations",
      "8",
      "--policy-candidates",
      "8",
      "--policy-habitat-candidates",
      "6",
      "--policy-bear-candidates",
      "8",
      "--policy-market-draws",
      "4",
      "--output",
      "docs/v2/reports/terminal-policy-improvement-v2-r8-pilot3.json"
    ],
    "created_unix_seconds": 1781167589,
    "executable": "/Users/johnherrick/cascadia/target/release/cascadia-v2",
    "executable_blake3": "b938d5cf763f5544e7621e122f57aeeacd89a4f6eb9776155f92c07cfd99c30a",
    "git_dirty": true,
    "git_revision": "a9918946f66c237a803b23ea299c6a514785ae52",
    "git_status_blake3": "040649573460f9e760e60a31f702c6b4fd2d529fbf4cde3f99f4959353a08d33",
    "hardware": {
      "architecture": "aarch64",
      "chip": "Apple M4",
      "logical_cpu_count": 10,
      "memory_bytes": "17179869184",
      "operating_system": "macOS 26.2"
    },
    "input_artifacts": [],
    "toolchain": {
      "cargo": "cargo 1.94.1 (29ea6fb6a 2026-03-24)",
      "package_version": "0.1.0",
      "rustc": "rustc 1.94.1 (e408947bf 2026-03-25)"
    },
    "v2_source_blake3": "0052d476f7cdfea5bf25044f0cad0b36c41e4df40e6337bf95bf71dac73b224d"
  },
  "report_schema_version": 1,
  "seat_games_per_strategy": 12,
  "standard_error": 1.8276426832884425,
  "treatment_breakdown": {
    "habitat": [
      5.5,
      6.583333333333333,
      6.333333333333333,
      6.583333333333333,
      5.5
    ],
    "nature_tokens": 4.166666666666667,
    "wildlife": [
      11.583333333333334,
      10.166666666666666,
      13.166666666666666,
      11.083333333333334,
      14.166666666666666
    ]
  },
  "treatment_decision_latency": {
    "decisions": 240,
    "max_milliseconds": 6762.052084000001,
    "mean_milliseconds": 2323.4630486124984,
    "p50_milliseconds": 2246.685917,
    "p90_milliseconds": 3988.4147083,
    "p99_milliseconds": 5959.799745269998
  },
  "treatment_elapsed_seconds": 557.633097375,
  "treatment_id": "terminal-policy-improvement-v1-r8-k8-h6-b8-m4",
  "treatment_mean": 94.83333333333333,
  "treatment_seconds_per_game": 185.87769912500002,
  "treatment_statistics": {
    "confidence_95": [
      93.52666666666666,
      96.14
    ],
    "decision_latency": {
      "decisions": 240,
      "max_milliseconds": 6762.052084000001,
      "mean_milliseconds": 2323.4630486124984,
      "p50_milliseconds": 2246.685917,
      "p90_milliseconds": 3988.4147083,
      "p99_milliseconds": 5959.799745269998
    },
    "game_mean_stddev": 1.1547005383792517,
    "max_score": 100.0,
    "mean_breakdown": {
      "habitat": [
        5.5,
        6.583333333333333,
        6.333333333333333,
        6.583333333333333,
        5.5
      ],
      "nature_tokens": 4.166666666666667,
      "wildlife": [
        11.583333333333334,
        10.166666666666666,
        13.166666666666666,
        11.083333333333334,
        14.166666666666666
      ]
    },
    "mean_score": 94.83333333333333,
    "min_score": 91.0,
    "percentiles": {
      "p10": 92.0,
      "p50": 94.5,
      "p90": 98.0
    },
    "seat_score_stddev": 2.855085839605379,
    "standard_error": 0.6666666666666667
  }
}
