{
  "schema": "hex-bipartite-edge-bound-derivation-v1",
  "proof_complete": true,
  "cap": 6,
  "connected_component_maximum": [
    [
      0,
      0,
      0,
      0,
      0,
      0,
      0
    ],
    [
      0,
      1,
      2,
      3,
      4,
      5,
      6
    ],
    [
      0,
      2,
      4,
      5,
      6,
      7,
      8
    ],
    [
      0,
      3,
      5,
      7,
      9,
      10,
      11
    ],
    [
      0,
      4,
      6,
      9,
      10,
      12,
      14
    ],
    [
      0,
      5,
      7,
      10,
      12,
      14,
      15
    ],
    [
      0,
      6,
      8,
      11,
      14,
      15,
      17
    ]
  ],
  "global_maximum": [
    [
      0,
      0,
      0,
      0,
      0,
      0,
      0
    ],
    [
      0,
      1,
      2,
      3,
      4,
      5,
      6
    ],
    [
      0,
      2,
      4,
      5,
      6,
      7,
      8
    ],
    [
      0,
      3,
      5,
      7,
      9,
      10,
      11
    ],
    [
      0,
      4,
      6,
      9,
      10,
      12,
      14
    ],
    [
      0,
      5,
      7,
      10,
      12,
      14,
      15
    ],
    [
      0,
      6,
      8,
      11,
      14,
      15,
      17
    ]
  ],
  "shard_sha256": {
    "cascadiav3/fleet/collected_fox_c_edge_bound_v2_20260723/shard_john1.json": "ca96cd48069cbd35a6dc36ec3f60414e5c77bd9d3a6b256658ce07e000d0e7dd",
    "cascadiav3/fleet/collected_fox_c_edge_bound_v2_20260723/shard_john2.json": "60a7ee5d40013522b69915f25698f083d676e3f006279da11bb4ab6f3b80c4e0",
    "cascadiav3/fleet/collected_fox_c_edge_bound_v2_20260723/shard_john3.json": "7e692d2790f2f40ed8b1951095a6952c738c6d2e36b430a2a196d661230ca28f",
    "cascadiav3/fleet/collected_fox_c_edge_bound_v2_20260723/shard_john4.json": "8eff09d83106e5a3250d5aa90ac9a3659e5d1edf142bfa745b141278bbdc5e9e"
  },
  "proofs": [
    {
      "left": 1,
      "right": 1,
      "status": "OPTIMAL",
      "maximum": 1,
      "best_bound": 1,
      "elapsed_seconds": 0.0036837076768279076,
      "branches": 15,
      "conflicts": 0
    },
    {
      "left": 1,
      "right": 2,
      "status": "OPTIMAL",
      "maximum": 2,
      "best_bound": 2,
      "elapsed_seconds": 0.004139541648328304,
      "branches": 78,
      "conflicts": 0
    },
    {
      "left": 1,
      "right": 3,
      "status": "OPTIMAL",
      "maximum": 3,
      "best_bound": 3,
      "elapsed_seconds": 0.005434958264231682,
      "branches": 112,
      "conflicts": 0
    },
    {
      "left": 1,
      "right": 4,
      "status": "OPTIMAL",
      "maximum": 4,
      "best_bound": 4,
      "elapsed_seconds": 0.005939667113125324,
      "branches": 96,
      "conflicts": 0
    },
    {
      "left": 1,
      "right": 5,
      "status": "OPTIMAL",
      "maximum": 5,
      "best_bound": 5,
      "elapsed_seconds": 0.005182166118174791,
      "branches": 34,
      "conflicts": 0
    },
    {
      "left": 1,
      "right": 6,
      "status": "OPTIMAL",
      "maximum": 6,
      "best_bound": 6,
      "elapsed_seconds": 0.002405750099569559,
      "branches": 0,
      "conflicts": 0
    },
    {
      "left": 2,
      "right": 1,
      "status": "OPTIMAL",
      "maximum": 2,
      "best_bound": 2,
      "elapsed_seconds": 0.003708124626427889,
      "branches": 62,
      "conflicts": 0
    },
    {
      "left": 2,
      "right": 2,
      "status": "OPTIMAL",
      "maximum": 4,
      "best_bound": 4,
      "elapsed_seconds": 0.005755290854722261,
      "branches": 198,
      "conflicts": 0
    },
    {
      "left": 2,
      "right": 3,
      "status": "OPTIMAL",
      "maximum": 5,
      "best_bound": 5,
      "elapsed_seconds": 0.010114082600921392,
      "branches": 92,
      "conflicts": 0
    },
    {
      "left": 2,
      "right": 4,
      "status": "OPTIMAL",
      "maximum": 6,
      "best_bound": 6,
      "elapsed_seconds": 0.016346999909728765,
      "branches": 513,
      "conflicts": 1
    },
    {
      "left": 2,
      "right": 5,
      "status": "OPTIMAL",
      "maximum": 7,
      "best_bound": 7,
      "elapsed_seconds": 0.023905999958515167,
      "branches": 160,
      "conflicts": 0
    },
    {
      "left": 2,
      "right": 6,
      "status": "OPTIMAL",
      "maximum": 8,
      "best_bound": 8,
      "elapsed_seconds": 0.04166695894673467,
      "branches": 180,
      "conflicts": 0
    },
    {
      "left": 3,
      "right": 1,
      "status": "OPTIMAL",
      "maximum": 3,
      "best_bound": 3,
      "elapsed_seconds": 0.005577207542955875,
      "branches": 135,
      "conflicts": 0
    },
    {
      "left": 3,
      "right": 2,
      "status": "OPTIMAL",
      "maximum": 5,
      "best_bound": 5,
      "elapsed_seconds": 0.010418000165373087,
      "branches": 100,
      "conflicts": 0
    },
    {
      "left": 3,
      "right": 3,
      "status": "OPTIMAL",
      "maximum": 7,
      "best_bound": 7,
      "elapsed_seconds": 0.013060875236988068,
      "branches": 556,
      "conflicts": 1
    },
    {
      "left": 3,
      "right": 4,
      "status": "OPTIMAL",
      "maximum": 9,
      "best_bound": 9,
      "elapsed_seconds": 0.026309083215892315,
      "branches": 244,
      "conflicts": 0
    },
    {
      "left": 3,
      "right": 5,
      "status": "OPTIMAL",
      "maximum": 10,
      "best_bound": 10,
      "elapsed_seconds": 0.04486900009214878,
      "branches": 386,
      "conflicts": 0
    },
    {
      "left": 3,
      "right": 6,
      "status": "OPTIMAL",
      "maximum": 11,
      "best_bound": 11,
      "elapsed_seconds": 0.09068829193711281,
      "branches": 432,
      "conflicts": 0
    },
    {
      "left": 4,
      "right": 1,
      "status": "OPTIMAL",
      "maximum": 4,
      "best_bound": 4,
      "elapsed_seconds": 0.00861004227772355,
      "branches": 130,
      "conflicts": 0
    },
    {
      "left": 4,
      "right": 2,
      "status": "OPTIMAL",
      "maximum": 6,
      "best_bound": 6,
      "elapsed_seconds": 0.01393933268263936,
      "branches": 182,
      "conflicts": 0
    },
    {
      "left": 4,
      "right": 3,
      "status": "OPTIMAL",
      "maximum": 9,
      "best_bound": 9,
      "elapsed_seconds": 0.024463874753564596,
      "branches": 306,
      "conflicts": 0
    },
    {
      "left": 4,
      "right": 4,
      "status": "OPTIMAL",
      "maximum": 10,
      "best_bound": 10,
      "elapsed_seconds": 0.07197133265435696,
      "branches": 538,
      "conflicts": 0
    },
    {
      "left": 4,
      "right": 5,
      "status": "OPTIMAL",
      "maximum": 12,
      "best_bound": 12,
      "elapsed_seconds": 0.20417570881545544,
      "branches": 492,
      "conflicts": 0
    },
    {
      "left": 4,
      "right": 6,
      "status": "OPTIMAL",
      "maximum": 14,
      "best_bound": 14,
      "elapsed_seconds": 0.4655651249922812,
      "branches": 1444,
      "conflicts": 1
    },
    {
      "left": 5,
      "right": 1,
      "status": "OPTIMAL",
      "maximum": 5,
      "best_bound": 5,
      "elapsed_seconds": 0.006266499869525433,
      "branches": 48,
      "conflicts": 0
    },
    {
      "left": 5,
      "right": 2,
      "status": "OPTIMAL",
      "maximum": 7,
      "best_bound": 7,
      "elapsed_seconds": 0.023948416113853455,
      "branches": 248,
      "conflicts": 0
    },
    {
      "left": 5,
      "right": 3,
      "status": "OPTIMAL",
      "maximum": 10,
      "best_bound": 10,
      "elapsed_seconds": 0.04768912494182587,
      "branches": 420,
      "conflicts": 0
    },
    {
      "left": 5,
      "right": 4,
      "status": "OPTIMAL",
      "maximum": 12,
      "best_bound": 12,
      "elapsed_seconds": 0.2791050421074033,
      "branches": 538,
      "conflicts": 0
    },
    {
      "left": 5,
      "right": 5,
      "status": "OPTIMAL",
      "maximum": 14,
      "best_bound": 14,
      "elapsed_seconds": 0.5058648325502872,
      "branches": 1262,
      "conflicts": 1
    },
    {
      "left": 5,
      "right": 6,
      "status": "OPTIMAL",