{
  "protocol_id": "cascadia-aaaaa-4p-base-v1",
  "baseline_id": "determinized-lookahead-v2-k8-r4-d4",
  "treatment_id": "bear-candidate-lookahead-v1-k8-b8-r4-d4",
  "games": 10,
  "seat_games_per_strategy": 40,
  "first_seed": 21200,
  "baseline_mean": 90.25,
  "treatment_mean": 92.25,
  "baseline_statistics": {
    "mean_score": 90.25,
    "game_mean_stddev": 2.4324199198877374,
    "seat_score_stddev": 3.8680147959306543,
    "standard_error": 0.769198717280955,
    "confidence_95": [
      88.74237051412933,
      91.75762948587067
    ],
    "percentiles": {
      "p10": 86.8,
      "p50": 90.0,
      "p90": 94.2
    },
    "min_score": 83.0,
    "max_score": 99.0,
    "mean_breakdown": {
      "habitat": [
        5.55,
        5.825,
        5.975,
        5.6,
        5.925
      ],
      "wildlife": [
        3.45,
        13.15,
        13.425,
        12.65,
        15.5
      ],
      "nature_tokens": 3.2
    }
  },
  "treatment_statistics": {
    "mean_score": 92.25,
    "game_mean_stddev": 1.695582495781317,
    "seat_score_stddev": 4.210791995666519,
    "standard_error": 0.5361902647381804,
    "confidence_95": [
      91.19906708111317,
      93.30093291888683
    ],
    "percentiles": {
      "p10": 86.8,
      "p50": 92.0,
      "p90": 97.20000000000002
    },
    "min_score": 85.0,
    "max_score": 101.0,
    "mean_breakdown": {
      "habitat": [
        5.5,
        5.675,
        5.725,
        5.925,
        6.275
      ],
      "wildlife": [
        8.2,
        12.0,
        11.95,
        12.675,
        14.65
      ],
      "nature_tokens": 3.675
    }
  },
  "mean_paired_delta": 2.0,
  "paired_delta_stddev": 2.7284509239574835,
  "standard_error": 0.8628119403696523,
  "confidence_95": [
    0.30888859687548154,
    3.6911114031245185
  ],
  "game_wins": 8,
  "game_ties": 1,
  "game_losses": 1,
  "baseline_breakdown": {
    "habitat": [
      5.55,
      5.825,
      5.975,
      5.6,
      5.925
    ],
    "wildlife": [
      3.45,
      13.15,
      13.425,
      12.65,
      15.5
    ],
    "nature_tokens": 3.2
  },
  "treatment_breakdown": {
    "habitat": [
      5.5,
      5.675,
      5.725,
      5.925,
      6.275
    ],
    "wildlife": [
      8.2,
      12.0,
      11.95,
      12.675,
      14.65
    ],
    "nature_tokens": 3.675
  },
  "mean_breakdown_delta": {
    "habitat": [
      -0.04999999999999982,
      -0.15000000000000036,
      -0.25,
      0.3250000000000002,
      0.35000000000000053
    ],
    "wildlife": [
      4.749999999999999,
      -1.1500000000000004,
      -1.4750000000000014,
      0.025000000000000355,
      -0.8499999999999996
    ],
    "nature_tokens": 0.47499999999999964
  },
  "elapsed_seconds": 82.715677625,
  "pairs": [
    {
      "seed": 21200,
      "baseline_mean": 90.0,
      "treatment_mean": 90.75,
      "delta": 0.75
    },
    {
      "seed": 21201,
      "baseline_mean": 92.5,
      "treatment_mean": 92.5,
      "delta": 0.0
    },
    {
      "seed": 21202,
      "baseline_mean": 89.0,
      "treatment_mean": 93.5,
      "delta": 4.5
    },
    {
      "seed": 21203,
      "baseline_mean": 93.5,
      "treatment_mean": 91.0,
      "delta": -2.5
    },
    {
      "seed": 21204,
      "baseline_mean": 92.25,
      "treatment_mean": 94.25,
      "delta": 2.0
    },
    {
      "seed": 21205,
      "baseline_mean": 87.25,
      "treatment_mean": 94.25,
      "delta": 7.0
    },
    {
      "seed": 21206,
      "baseline_mean": 93.25,
      "treatment_mean": 93.5,
      "delta": 0.25
    },
    {
      "seed": 21207,
      "baseline_mean": 87.25,
      "treatment_mean": 89.5,
      "delta": 2.25
    },
    {
      "seed": 21208,
      "baseline_mean": 89.25,
      "treatment_mean": 90.5,
      "delta": 1.25
    },
    {
      "seed": 21209,
      "baseline_mean": 88.25,
      "treatment_mean": 92.75,
      "delta": 4.5
    }
  ]
}
