{
  "protocol_id": "cascadia-aaaaa-4p-base-v1",
  "baseline_id": "determinized-lookahead-v2-k16-r4-d4",
  "treatment_id": "bear-candidate-lookahead-v1-k16-b8-r4-d4",
  "games": 10,
  "seat_games_per_strategy": 40,
  "first_seed": 21500,
  "baseline_mean": 91.675,
  "treatment_mean": 91.525,
  "baseline_statistics": {
    "mean_score": 91.675,
    "game_mean_stddev": 1.3996527347087842,
    "seat_score_stddev": 3.1081984228645108,
    "standard_error": 0.4426090574963167,
    "confidence_95": [
      90.80748624730721,
      92.54251375269278
    ],
    "percentiles": {
      "p10": 88.0,
      "p50": 91.0,
      "p90": 96.0
    },
    "min_score": 85.0,
    "max_score": 98.0,
    "mean_breakdown": {
      "habitat": [
        5.725,
        5.875,
        5.85,
        6.2,
        6.0
      ],
      "wildlife": [
        5.325,
        11.775,
        12.8,
        13.0,
        15.55
      ],
      "nature_tokens": 3.575
    }
  },
  "treatment_statistics": {
    "mean_score": 91.525,
    "game_mean_stddev": 2.142331284683425,
    "seat_score_stddev": 3.9677384891079597,
    "standard_error": 0.6774646362234218,
    "confidence_95": [
      90.19716931300209,
      92.85283068699792
    ],
    "percentiles": {
      "p10": 87.7,
      "p50": 91.5,
      "p90": 96.0
    },
    "min_score": 80.0,
    "max_score": 100.0,
    "mean_breakdown": {
      "habitat": [
        5.6,
        5.55,
        5.875,
        6.3,
        5.925
      ],
      "wildlife": [
        7.9,
        11.65,
        12.0,
        12.675,
        14.8
      ],
      "nature_tokens": 3.25
    }
  },
  "mean_paired_delta": -0.15,
  "paired_delta_stddev": 2.461368183213014,
  "standard_error": 0.7783529619223744,
  "confidence_95": [
    -1.6755718053678537,
    1.3755718053678538
  ],
  "game_wins": 5,
  "game_ties": 0,
  "game_losses": 5,
  "baseline_breakdown": {
    "habitat": [
      5.725,
      5.875,
      5.85,
      6.2,
      6.0
    ],
    "wildlife": [
      5.325,
      11.775,
      12.8,
      13.0,
      15.55
    ],
    "nature_tokens": 3.575
  },
  "treatment_breakdown": {
    "habitat": [
      5.6,
      5.55,
      5.875,
      6.3,
      5.925
    ],
    "wildlife": [
      7.9,
      11.65,
      12.0,
      12.675,
      14.8
    ],
    "nature_tokens": 3.25
  },
  "mean_breakdown_delta": {
    "habitat": [
      -0.125,
      -0.3250000000000002,
      0.025000000000000355,
      0.09999999999999964,
      -0.07500000000000018
    ],
    "wildlife": [
      2.575,
      -0.125,
      -0.8000000000000007,
      -0.3249999999999993,
      -0.75
    ],
    "nature_tokens": -0.3250000000000002
  },
  "baseline_elapsed_seconds": 60.674567165,
  "treatment_elapsed_seconds": 68.951794876,
  "baseline_seconds_per_game": 6.0674567165,
  "treatment_seconds_per_game": 6.895179487599999,
  "elapsed_seconds": 129.626416166,
  "pairs": [
    {
      "seed": 21500,
      "baseline_mean": 91.25,
      "treatment_mean": 91.75,
      "delta": 0.5
    },
    {
      "seed": 21501,
      "baseline_mean": 94.0,
      "treatment_mean": 89.5,
      "delta": -4.5
    },
    {
      "seed": 21502,
      "baseline_mean": 92.25,
      "treatment_mean": 94.75,
      "delta": 2.5
    },
    {
      "seed": 21503,
      "baseline_mean": 93.25,
      "treatment_mean": 91.5,
      "delta": -1.75
    },
    {
      "seed": 21504,
      "baseline_mean": 90.0,
      "treatment_mean": 87.0,
      "delta": -3.0
    },
    {
      "seed": 21505,
      "baseline_mean": 91.5,
      "treatment_mean": 92.25,
      "delta": 0.75
    },
    {
      "seed": 21506,
      "baseline_mean": 89.25,
      "treatment_mean": 93.0,
      "delta": 3.75
    },
    {
      "seed": 21507,
      "baseline_mean": 91.25,
      "treatment_mean": 90.75,
      "delta": -0.5
    },
    {
      "seed": 21508,
      "baseline_mean": 92.25,
      "treatment_mean": 93.25,
      "delta": 1.0
    },
    {
      "seed": 21509,
      "baseline_mean": 91.75,
      "treatment_mean": 91.5,
      "delta": -0.25
    }
  ]
}
