{
  "baseline_validation": null,
  "best_validation_loss": 3.5544585688486823,
  "best_validation_mae": 24.478958129882812,
  "device": "Device(gpu, 0)",
  "elapsed_seconds": 0.11756158294156194,
  "epochs": 1,
  "global_step": 1,
  "schema_version": 1,
  "selected_checkpoint": "/private/tmp/cascadia-v2-score-to-go-hexgraph-smoke/run/checkpoints/step-000000001-epoch-0001-batch-000000",
  "selected_epoch": 1,
  "validation": {
    "final": {
      "calibration_intercept": 88.94427994097367,
      "calibration_slope": 0.021135527226590487,
      "component_bias": [
        6.578895568847656,
        -1.74408757686615,
        -3.8008010387420654,
        -1.1016037464141846,
        -3.830892562866211,
        -1.1786969900131226,
        -4.182513236999512,
        -2.906714916229248,
        -2.3779873847961426,
        -9.598977088928223,
        7.250248908996582
      ],
      "component_mae": [
        6.578895568847656,
        2.352022171020508,
        4.174363136291504,
        1.8566592931747437,
        3.8427720069885254,
        2.7858285903930664,
        4.4426374435424805,
        4.304422855377197,
        3.8500123023986816,
        9.615836143493652,
        7.250248908996582
      ],
      "component_rmse": [
        7.071921348571777,
        3.000308036804199,
        4.956026554107666,
        2.3226006031036377,
        4.2889628410339355,
        3.5183746814727783,
        5.977221965789795,
        6.090242862701416,
        4.759585857391357,
        11.40810775756836,
        7.40141487121582
      ],
      "predicted_total_mean": 73.60687255859375,
      "target_total_mean": 90.5,
      "total_bias": -16.89312744140625,
      "total_correlation": 0.19283425866691353,
      "total_mae": 24.478958129882812,
      "total_rmse": 29.50628662109375
    },
    "residual": {
      "calibration_intercept": 16.117875759584425,
      "calibration_slope": 1.0259983610116878,
      "component_bias": [
        6.578895568847656,
        -1.74408757686615,
        -3.8008010387420654,
        -1.1016037464141846,
        -3.830892562866211,
        -1.1786969900131226,
        -4.182513236999512,
        -2.906714916229248,
        -2.3779873847961426,
        -9.598977088928223,
        7.250248908996582
      ],
      "component_mae": [
        6.578895568847656,
        2.352022171020508,
        4.174363136291504,
        1.8566592931747437,
        3.8427720069885254,
        2.7858285903930664,
        4.4426374435424805,
        4.304422855377197,
        3.8500125408172607,
        9.615836143493652,
        7.250248908996582
      ],
      "component_rmse": [
        7.071921348571777,
        3.000308036804199,
        4.956026554107666,
        2.3226006031036377,
        4.2889628410339355,
        3.5183746814727783,
        5.977221965789795,
        6.090242385864258,
        4.759585857391357,
        11.40810775756836,
        7.40141487121582
      ],
      "predicted_total_mean": 29.819369506835937,
      "target_total_mean": 46.7125,
      "total_bias": -16.893130493164062,
      "total_correlation": 0.2399718790097298,
      "total_mae": 24.478961944580078,
      "total_rmse": 29.50628662109375
    },
    "samples": 80,
    "selection_metric": 3.5544585688486823,
    "within_round_pairwise": {
      "accuracy": 0.6166666666666667,
      "log_loss": 1.1065627558604008,
      "ordered_pairs": 120,
      "pairs": 120
    }
  }
}
