{
  "protocol_id": "cascadia-aaaaa-4p-base-v1",
  "strategy_id": "greedy-v1",
  "games": 50,
  "seat_games": 200,
  "first_seed": 0,
  "mean_score": 86.265,
  "game_mean_stddev": 1.918232870883714,
  "seat_score_stddev": 3.6319042723089603,
  "standard_error": 0.27127909417936263,
  "confidence_95": [
    85.73329297540845,
    86.79670702459156
  ],
  "percentiles": {
    "p10": 81.9,
    "p50": 86.0,
    "p90": 91.0
  },
  "mean_breakdown": {
    "habitat": [
      5.41,
      5.585,
      5.485,
      5.365,
      5.23
    ],
    "wildlife": [
      3.83,
      12.665,
      12.64,
      13.29,
      14.945
    ],
    "nature_tokens": 1.82
  },
  "elapsed_seconds": 45.8999925,
  "games_per_second": 1.0893247967306312
}
