{
  "protocol_id": "cascadia-aaaaa-4p-base-v1",
  "baseline_id": "habitat-candidate-lookahead-v1-k8-h6-r4-d4",
  "treatment_id": "habitat-candidate-lookahead-v1-k8-h6-r4-d8",
  "games": 10,
  "seat_games_per_strategy": 40,
  "first_seed": 22400,
  "baseline_mean": 91.625,
  "treatment_mean": 91.575,
  "baseline_statistics": {
    "mean_score": 91.625,
    "game_mean_stddev": 1.2923385349392351,
    "seat_score_stddev": 2.6378652985574025,
    "standard_error": 0.40867332784130755,
    "confidence_95": [
      90.82400027743104,
      92.42599972256896
    ],
    "percentiles": {
      "p10": 88.0,
      "p50": 92.0,
      "p90": 94.1
    },
    "min_score": 86.0,
    "max_score": 97.0,
    "mean_breakdown": {
      "habitat": [
        5.7,
        5.8,
        5.675,
        6.0,
        6.2
      ],
      "wildlife": [
        7.075,
        12.725,
        12.1,
        12.175,
        14.675
      ],
      "nature_tokens": 3.5
    }
  },
  "treatment_statistics": {
    "mean_score": 91.575,
    "game_mean_stddev": 1.837306301204142,
    "seat_score_stddev": 2.9775872180383978,
    "standard_error": 0.5810072671184453,
    "confidence_95": [
      90.43622575644785,
      92.71377424355215
    ],
    "percentiles": {
      "p10": 88.0,
      "p50": 92.0,
      "p90": 94.1
    },
    "min_score": 82.0,
    "max_score": 98.0,
    "mean_breakdown": {
      "habitat": [
        5.4,
        5.95,
        5.7,
        6.075,
        5.975
      ],
      "wildlife": [
        6.875,
        12.35,
        12.325,
        12.225,
        15.1
      ],
      "nature_tokens": 3.6
    }
  },
  "mean_paired_delta": -0.05,
  "paired_delta_stddev": 1.6150335393834188,
  "standard_error": 0.5107184482014854,
  "confidence_95": [
    -1.0510081584749114,
    0.9510081584749113
  ],
  "game_wins": 5,
  "game_ties": 1,
  "game_losses": 4,
  "baseline_breakdown": {
    "habitat": [
      5.7,
      5.8,
      5.675,
      6.0,
      6.2
    ],
    "wildlife": [
      7.075,
      12.725,
      12.1,
      12.175,
      14.675
    ],
    "nature_tokens": 3.5
  },
  "treatment_breakdown": {
    "habitat": [
      5.4,
      5.95,
      5.7,
      6.075,
      5.975
    ],
    "wildlife": [
      6.875,
      12.35,
      12.325,
      12.225,
      15.1
    ],
    "nature_tokens": 3.6
  },
  "mean_breakdown_delta": {
    "habitat": [
      -0.2999999999999998,
      0.15000000000000036,
      0.025000000000000355,
      0.07500000000000018,
      -0.22500000000000053
    ],
    "wildlife": [
      -0.20000000000000018,
      -0.375,
      0.22499999999999964,
      0.049999999999998934,
      0.42499999999999893
    ],
    "nature_tokens": 0.10000000000000009
  },
  "baseline_elapsed_seconds": 40.22423762399999,
  "treatment_elapsed_seconds": 67.723439627,
  "baseline_seconds_per_game": 4.022423762399999,
  "treatment_seconds_per_game": 6.772343962700001,
  "elapsed_seconds": 107.947724583,
  "pairs": [
    {
      "seed": 22400,
      "baseline_mean": 89.25,
      "treatment_mean": 89.75,
      "delta": 0.5
    },
    {
      "seed": 22401,
      "baseline_mean": 92.0,
      "treatment_mean": 92.75,
      "delta": 0.75
    },
    {
      "seed": 22402,
      "baseline_mean": 90.5,
      "treatment_mean": 89.5,
      "delta": -1.0
    },
    {
      "seed": 22403,
      "baseline_mean": 93.5,
      "treatment_mean": 91.25,
      "delta": -2.25
    },
    {
      "seed": 22404,
      "baseline_mean": 90.5,
      "treatment_mean": 88.75,
      "delta": -1.75
    },
    {
      "seed": 22405,
      "baseline_mean": 92.5,
      "treatment_mean": 94.0,
      "delta": 1.5
    },
    {
      "seed": 22406,
      "baseline_mean": 91.75,
      "treatment_mean": 91.75,
      "delta": 0.0
    },
    {
      "seed": 22407,
      "baseline_mean": 92.5,
      "treatment_mean": 92.75,
      "delta": 0.25
    },
    {
      "seed": 22408,
      "baseline_mean": 92.75,
      "treatment_mean": 91.25,
      "delta": -1.5
    },
    {
      "seed": 22409,
      "baseline_mean": 91.0,
      "treatment_mean": 94.0,
      "delta": 3.0
    }
  ]
}
