{
  "protocol_id": "cascadia-aaaaa-4p-base-v1",
  "baseline_id": "determinized-lookahead-v2-k8-r4-d4",
  "treatment_id": "habitat-candidate-lookahead-v1-k8-h8-r4-d4",
  "games": 10,
  "seat_games_per_strategy": 40,
  "first_seed": 21900,
  "baseline_mean": 90.15,
  "treatment_mean": 91.725,
  "baseline_statistics": {
    "mean_score": 90.15,
    "game_mean_stddev": 0.8990735972840785,
    "seat_score_stddev": 2.617005530891739,
    "standard_error": 0.2843120351538663,
    "confidence_95": [
      89.59274841109843,
      90.70725158890158
    ],
    "percentiles": {
      "p10": 86.89999999999999,
      "p50": 90.5,
      "p90": 93.10000000000001
    },
    "min_score": 84.0,
    "max_score": 95.0,
    "mean_breakdown": {
      "habitat": [
        5.2,
        5.975,
        5.7,
        5.65,
        6.225
      ],
      "wildlife": [
        4.75,
        12.975,
        12.8,
        12.475,
        15.175
      ],
      "nature_tokens": 3.225
    }
  },
  "treatment_statistics": {
    "mean_score": 91.725,
    "game_mean_stddev": 1.3766404355854467,
    "seat_score_stddev": 3.0633273346109062,
    "standard_error": 0.4353319295536325,
    "confidence_95": [
      90.87174941807487,
      92.57825058192512
    ],
    "percentiles": {
      "p10": 88.0,
      "p50": 92.0,
      "p90": 95.0
    },
    "min_score": 85.0,
    "max_score": 100.0,
    "mean_breakdown": {
      "habitat": [
        5.725,
        5.85,
        6.15,
        6.025,
        5.925
      ],
      "wildlife": [
        6.85,
        12.675,
        12.775,
        11.3,
        15.0
      ],
      "nature_tokens": 3.45
    }
  },
  "mean_paired_delta": 1.575,
  "paired_delta_stddev": 1.7080284280746356,
  "standard_error": 0.5401260141032933,
  "confidence_95": [
    0.516353012357545,
    2.6336469876424546
  ],
  "game_wins": 8,
  "game_ties": 0,
  "game_losses": 2,
  "baseline_breakdown": {
    "habitat": [
      5.2,
      5.975,
      5.7,
      5.65,
      6.225
    ],
    "wildlife": [
      4.75,
      12.975,
      12.8,
      12.475,
      15.175
    ],
    "nature_tokens": 3.225
  },
  "treatment_breakdown": {
    "habitat": [
      5.725,
      5.85,
      6.15,
      6.025,
      5.925
    ],
    "wildlife": [
      6.85,
      12.675,
      12.775,
      11.3,
      15.0
    ],
    "nature_tokens": 3.45
  },
  "mean_breakdown_delta": {
    "habitat": [
      0.5249999999999995,
      -0.125,
      0.4500000000000002,
      0.375,
      -0.2999999999999998
    ],
    "wildlife": [
      2.0999999999999996,
      -0.29999999999999893,
      -0.025000000000000355,
      -1.174999999999999,
      -0.1750000000000007
    ],
    "nature_tokens": 0.2250000000000001
  },
  "baseline_elapsed_seconds": 38.401232707000005,
  "treatment_elapsed_seconds": 76.295008084,
  "baseline_seconds_per_game": 3.8401232707000004,
  "treatment_seconds_per_game": 7.6295008084000004,
  "elapsed_seconds": 114.6962865,
  "pairs": [
    {
      "seed": 21900,
      "baseline_mean": 89.25,
      "treatment_mean": 93.75,
      "delta": 4.5
    },
    {
      "seed": 21901,
      "baseline_mean": 91.0,
      "treatment_mean": 93.75,
      "delta": 2.75
    },
    {
      "seed": 21902,
      "baseline_mean": 90.0,
      "treatment_mean": 91.0,
      "delta": 1.0
    },
    {
      "seed": 21903,
      "baseline_mean": 89.5,
      "treatment_mean": 90.5,
      "delta": 1.0
    },
    {
      "seed": 21904,
      "baseline_mean": 90.75,
      "treatment_mean": 92.0,
      "delta": 1.25
    },
    {
      "seed": 21905,
      "baseline_mean": 90.0,
      "treatment_mean": 90.75,
      "delta": 0.75
    },
    {
      "seed": 21906,
      "baseline_mean": 90.25,
      "treatment_mean": 90.0,
      "delta": -0.25
    },
    {
      "seed": 21907,
      "baseline_mean": 88.5,
      "treatment_mean": 92.25,
      "delta": 3.75
    },
    {
      "seed": 21908,
      "baseline_mean": 90.75,
      "treatment_mean": 92.75,
      "delta": 2.0
    },
    {
      "seed": 21909,
      "baseline_mean": 91.5,
      "treatment_mean": 90.5,
      "delta": -1.0
    }
  ]
}
