{
  "protocol_id": "cascadia-aaaaa-4p-base-v1",
  "baseline_id": "determinized-lookahead-v2-k8-r4-d4",
  "treatment_id": "habitat-candidate-lookahead-v1-k8-h4-r4-d4",
  "games": 10,
  "seat_games_per_strategy": 40,
  "first_seed": 22000,
  "baseline_mean": 90.825,
  "treatment_mean": 90.575,
  "baseline_statistics": {
    "mean_score": 90.825,
    "game_mean_stddev": 1.7718869414647576,
    "seat_score_stddev": 3.29636551993641,
    "standard_error": 0.560319849133808,
    "confidence_95": [
      89.72677309569774,
      91.92322690430227
    ],
    "percentiles": {
      "p10": 87.0,
      "p50": 91.0,
      "p90": 95.0
    },
    "min_score": 84.0,
    "max_score": 97.0,
    "mean_breakdown": {
      "habitat": [
        5.45,
        6.025,
        5.8,
        5.7,
        5.875
      ],
      "wildlife": [
        5.475,
        12.8,
        12.825,
        12.525,
        14.7
      ],
      "nature_tokens": 3.65
    }
  },
  "treatment_statistics": {
    "mean_score": 90.575,
    "game_mean_stddev": 1.7402506205205681,
    "seat_score_stddev": 3.079189870146084,
    "standard_error": 0.5503155660366352,
    "confidence_95": [
      89.4963814905682,
      91.65361850943181
    ],
    "percentiles": {
      "p10": 87.0,
      "p50": 90.5,
      "p90": 95.0
    },
    "min_score": 85.0,
    "max_score": 97.0,
    "mean_breakdown": {
      "habitat": [
        5.525,
        5.975,
        5.825,
        5.7,
        6.175
      ],
      "wildlife": [
        5.55,
        12.825,
        12.625,
        12.6,
        14.7
      ],
      "nature_tokens": 3.075
    }
  },
  "mean_paired_delta": -0.25,
  "paired_delta_stddev": 1.5545631755148024,
  "standard_error": 0.49159604012508745,
  "confidence_95": [
    -1.2135282386451713,
    0.7135282386451713
  ],
  "game_wins": 4,
  "game_ties": 0,
  "game_losses": 6,
  "baseline_breakdown": {
    "habitat": [
      5.45,
      6.025,
      5.8,
      5.7,
      5.875
    ],
    "wildlife": [
      5.475,
      12.8,
      12.825,
      12.525,
      14.7
    ],
    "nature_tokens": 3.65
  },
  "treatment_breakdown": {
    "habitat": [
      5.525,
      5.975,
      5.825,
      5.7,
      6.175
    ],
    "wildlife": [
      5.55,
      12.825,
      12.625,
      12.6,
      14.7
    ],
    "nature_tokens": 3.075
  },
  "mean_breakdown_delta": {
    "habitat": [
      0.07500000000000018,
      -0.05000000000000071,
      0.025000000000000355,
      0.0,
      0.2999999999999998
    ],
    "wildlife": [
      0.07500000000000018,
      0.02499999999999858,
      -0.1999999999999993,
      0.07499999999999929,
      0.0
    ],
    "nature_tokens": -0.5749999999999997
  },
  "baseline_elapsed_seconds": 41.401110124999995,
  "treatment_elapsed_seconds": 57.568245915999995,
  "baseline_seconds_per_game": 4.140111012499999,
  "treatment_seconds_per_game": 5.756824591599999,
  "elapsed_seconds": 98.96940425,
  "pairs": [
    {
      "seed": 22000,
      "baseline_mean": 90.75,
      "treatment_mean": 89.75,
      "delta": -1.0
    },
    {
      "seed": 22001,
      "baseline_mean": 93.25,
      "treatment_mean": 92.75,
      "delta": -0.5
    },
    {
      "seed": 22002,
      "baseline_mean": 88.5,
      "treatment_mean": 90.0,
      "delta": 1.5
    },
    {
      "seed": 22003,
      "baseline_mean": 90.5,
      "treatment_mean": 91.25,
      "delta": 0.75
    },
    {
      "seed": 22004,
      "baseline_mean": 91.0,
      "treatment_mean": 92.25,
      "delta": 1.25
    },
    {
      "seed": 22005,
      "baseline_mean": 93.25,
      "treatment_mean": 93.0,
      "delta": -0.25
    },
    {
      "seed": 22006,
      "baseline_mean": 91.5,
      "treatment_mean": 90.25,
      "delta": -1.25
    },
    {
      "seed": 22007,
      "baseline_mean": 92.0,
      "treatment_mean": 89.0,
      "delta": -3.0
    },
    {
      "seed": 22008,
      "baseline_mean": 89.25,
      "treatment_mean": 87.5,
      "delta": -1.75
    },
    {
      "seed": 22009,
      "baseline_mean": 88.25,
      "treatment_mean": 90.0,
      "delta": 1.75
    }
  ]
}
