{
  "baseline_breakdown": {
    "habitat": [
      5.66,
      5.64,
      5.975,
      5.765,
      5.58
    ],
    "nature_tokens": 3.79,
    "wildlife": [
      8.335,
      11.74,
      12.51,
      12.2,
      14.3
    ]
  },
  "baseline_decision_latency": {
    "decisions": 4000,
    "max_milliseconds": 6.831083,
    "mean_milliseconds": 1.2601427504999974,
    "p50_milliseconds": 1.213125,
    "p90_milliseconds": 2.1133211,
    "p99_milliseconds": 3.0452155
  },
  "baseline_elapsed_seconds": 5.077055002,
  "baseline_id": "pattern-aware-v1-k8-h6-b8-m4",
  "baseline_mean": 91.495,
  "baseline_seconds_per_game": 0.10154110004,
  "baseline_statistics": {
    "confidence_95": [
      91.06794492158505,
      91.92205507841496
    ],
    "decision_latency": {
      "decisions": 4000,
      "max_milliseconds": 6.831083,
      "mean_milliseconds": 1.2601427504999974,
      "p50_milliseconds": 1.213125,
      "p90_milliseconds": 2.1133211,
      "p99_milliseconds": 3.0452155
    },
    "game_mean_stddev": 1.5406813361600231,
    "max_score": 101.0,
    "mean_breakdown": {
      "habitat": [
        5.66,
        5.64,
        5.975,
        5.765,
        5.58
      ],
      "nature_tokens": 3.79,
      "wildlife": [
        8.335,
        11.74,
        12.51,
        12.2,
        14.3
      ]
    },
    "mean_score": 91.495,
    "min_score": 82.0,
    "percentiles": {
      "p10": 88.0,
      "p50": 91.0,
      "p90": 95.0
    },
    "seat_score_stddev": 3.1126222201589315,
    "standard_error": 0.21788524408926063
  },
  "confidence_95": [
    0.17854971526212693,
    0.661450284737873
  ],
  "configuration": {
    "late-conservative-base-policy-improvement-compare": {
      "first_seed": 28000,
      "games": 50,
      "output": "docs/v2/reports/late-conservative-base-policy-improvement-v1-t5-r8-c90-confirm50.json",
      "policy_bear_candidates": 8,
      "policy_candidates": 8,
      "policy_habitat_candidates": 6,
      "policy_market_draws": 4,
      "sequential": true,
      "terminal_turns": 5
    }
  },
  "elapsed_seconds": 354.815964042,
  "first_seed": 28000,
  "game_losses": 13,
  "game_ties": 9,
  "game_wins": 28,
  "games": 50,
  "mean_breakdown_delta": {
    "habitat": [
      -0.015000000000000568,
      0.1299999999999999,
      0.025000000000000355,
      0.13500000000000068,
      0.08999999999999986
    ],
    "nature_tokens": -0.06000000000000005,
    "wildlife": [
      0.0799999999999983,
      0.10500000000000043,
      -0.004999999999999005,
      0.04499999999999993,
      -0.11000000000000121
    ]
  },
  "mean_paired_delta": 0.42,
  "paired_delta_stddev": 0.8710772125386367,
  "pairs": [
    {
      "baseline_mean": 91.75,
      "delta": 2.25,
      "seed": 28000,
      "treatment_mean": 94.0
    },
    {
      "baseline_mean": 89.25,
      "delta": 1.75,
      "seed": 28001,
      "treatment_mean": 91.0
    },
    {
      "baseline_mean": 90.25,
      "delta": 1.25,
      "seed": 28002,
      "treatment_mean": 91.5
    },
    {
      "baseline_mean": 91.75,
      "delta": -0.5,
      "seed": 28003,
      "treatment_mean": 91.25
    },
    {
      "baseline_mean": 90.25,
      "delta": 0.5,
      "seed": 28004,
      "treatment_mean": 90.75
    },
    {
      "baseline_mean": 92.5,
      "delta": 0.5,
      "seed": 28005,
      "treatment_mean": 93.0
    },
    {
      "baseline_mean": 92.75,
      "delta": -0.5,
      "seed": 28006,
      "treatment_mean": 92.25
    },
    {
      "baseline_mean": 89.75,
      "delta": 0.25,
      "seed": 28007,
      "treatment_mean": 90.0
    },
    {
      "baseline_mean": 92.0,
      "delta": -0.75,
      "seed": 28008,
      "treatment_mean": 91.25
    },
    {
      "baseline_mean": 94.25,
      "delta": 0.75,
      "seed": 28009,
      "treatment_mean": 95.0
    },
    {
      "baseline_mean": 92.5,
      "delta": 0.0,
      "seed": 28010,
      "treatment_mean": 92.5
    },
    {
      "baseline_mean": 92.25,
      "delta": -0.75,
      "seed": 28011,
      "treatment_mean": 91.5
    },
    {
      "baseline_mean": 92.5,
      "delta": 1.25,
      "seed": 28012,
      "treatment_mean": 93.75
    },
    {
      "baseline_mean": 91.0,
      "delta": 1.0,
      "seed": 28013,
      "treatment_mean": 92.0
    },
    {
      "baseline_mean": 88.75,
      "delta": 2.0,
      "seed": 28014,
      "treatment_mean": 90.75
    },
    {
      "baseline_mean": 92.75,
      "delta": 0.0,
      "seed": 28015,
      "treatment_mean": 92.75
    },
    {
      "baseline_mean": 91.0,
      "delta": 0.0,
      "seed": 28016,
      "treatment_mean": 91.0
    },
    {
      "baseline_mean": 91.5,
      "delta": 0.0,
      "seed": 28017,
      "treatment_mean": 91.5
    },
    {
      "baseline_mean": 90.75,
      "delta": 1.25,
      "seed": 28018,
      "treatment_mean": 92.0
    },
    {
      "baseline_mean": 93.25,
      "delta": -1.0,
      "seed": 28019,
      "treatment_mean": 92.25
    },
    {
      "baseline_mean": 92.0,
      "delta": 0.75,
      "seed": 28020,
      "treatment_mean": 92.75
    },
    {
      "baseline_mean": 91.5,
      "delta": 0.75,
      "seed": 28021,
      "treatment_mean": 92.25
    },
    {
      "baseline_mean": 88.75,
      "delta": 0.25,
      "seed": 28022,
      "treatment_mean": 89.0
    },
    {
      "baseline_mean": 93.25,
      "delta": 0.0,
      "seed": 28023,
      "treatment_mean": 93.25
    },
    {
      "baseline_mean": 89.0,
      "delta": -0.25,
      "seed": 28024,
      "treatment_mean": 88.75
    },
    {
      "baseline_mean": 94.0,
      "delta": 0.0,
      "seed": 28025,
      "treatment_mean": 94.0
    },
    {
      "baseline_mean": 90.5,
      "delta": 0.0,
      "seed": 28026,
      "treatment_mean": 90.5
    },
    {
      "baseline_mean": 93.5,
      "delta": -0.25,
      "seed": 28027,
      "treatment_mean": 93.25
    },
    {
      "baseline_mean": 89.25,
      "delta": 1.5,
      "seed": 28028,
      "treatment_mean": 90.75
    },
    {
      "baseline_mean": 90.75,
      "delta": 1.5,
      "seed": 28029,
      "treatment_mean": 92.25
    },
    {
      "baseline_mean": 90.5,
      "delta": 1.25,
      "seed": 28030,
      "treatment_mean": 91.75
    },
    {
      "baseline_mean": 90.0,
      "delta": 2.25,
      "seed": 28031,
      "treatment_mean": 92.25
    },
    {
      "baseline_mean": 88.0,
      "delta": 1.5,
      "seed": 28032,
      "treatment_mean": 89.5
    },
    {
      "baseline_mean": 91.25,
      "delta": 1.75,
      "seed": 28033,
      "treatment_mean": 93.0
    },
    {
      "baseline_mean": 92.75,
      "delta": -0.25,
      "seed": 28034,
      "treatment_mean": 92.5
    },
    {
      "baseline_mean": 92.25,
      "delta": 1.25,
      "seed": 28035,
      "treatment_mean": 93.5
    },
    {
      "baseline_mean": 92.0,
      "delta": -0.5,
      "seed": 28036,
      "treatment_mean": 91.5
    },
    {
      "baseline_mean": 94.5,
      "delta": 0.0,
      "seed": 28037,
      "treatment_mean": 94.5
    },
    {
      "baseline_mean": 92.75,
      "delta": 0.75,
      "seed": 28038,
      "treatment_mean": 93.5
    },
    {
      "baseline_mean": 91.5,
      "delta": -1.0,
      "seed": 28039,
      "treatment_mean": 90.5
    },
    {
      "baseline_mean": 93.25,
      "delta": 0.25,
      "seed": 28040,
      "treatment_mean": 93.5
    },
    {
      "baseline_mean": 91.75,
      "delta": 0.25,
      "seed": 28041,
      "treatment_mean": 92.0
    },
    {
      "baseline_mean": 91.25,
      "delta": 0.25,
      "seed": 28042,
      "treatment_mean": 91.5
    },
    {
      "baseline_mean": 90.5,
      "delta": 0.25,
      "seed": 28043,
      "treatment_mean": 90.75
    },
    {
      "baseline_mean": 93.0,
      "delta": -0.5,
      "seed": 28044,
      "treatment_mean": 92.5
    },
    {
      "baseline_mean": 89.75,
      "delta": -0.75,
      "seed": 28045,
      "treatment_mean": 89.0
    },
    {
      "baseline_mean": 90.25,
      "delta": -0.75,
      "seed": 28046,