{
  "baseline_breakdown": {
    "habitat": [
      5.525,
      5.985,
      5.675,
      5.81,
      5.72
    ],
    "nature_tokens": 3.74,
    "wildlife": [
      8.28,
      11.96,
      12.06,
      12.14,
      14.815
    ]
  },
  "baseline_decision_latency": {
    "decisions": 4000,
    "max_milliseconds": 10.765208,
    "mean_milliseconds": 1.276570110250002,
    "p50_milliseconds": 1.2130205,
    "p90_milliseconds": 2.1193667,
    "p99_milliseconds": 3.226213419999997
  },
  "baseline_elapsed_seconds": 5.146784834999998,
  "baseline_id": "pattern-aware-v1-k8-h6-b8-m4",
  "baseline_mean": 91.71,
  "baseline_seconds_per_game": 0.10293569669999997,
  "baseline_statistics": {
    "confidence_95": [
      91.30950210986822,
      92.11049789013177
    ],
    "decision_latency": {
      "decisions": 4000,
      "max_milliseconds": 10.765208,
      "mean_milliseconds": 1.276570110250002,
      "p50_milliseconds": 1.2130205,
      "p90_milliseconds": 2.1193667,
      "p99_milliseconds": 3.226213419999997
    },
    "game_mean_stddev": 1.4448712957300005,
    "max_score": 99.0,
    "mean_breakdown": {
      "habitat": [
        5.525,
        5.985,
        5.675,
        5.81,
        5.72
      ],
      "nature_tokens": 3.74,
      "wildlife": [
        8.28,
        11.96,
        12.06,
        12.14,
        14.815
      ]
    },
    "mean_score": 91.71,
    "min_score": 84.0,
    "percentiles": {
      "p10": 88.0,
      "p50": 92.0,
      "p90": 95.0
    },
    "seat_score_stddev": 2.884005450269802,
    "standard_error": 0.20433565823049538
  },
  "confidence_95": [
    0.1978502696457687,
    0.6521497303542313
  ],
  "configuration": {
    "late-terminal-policy-improvement-compare": {
      "determinizations": 8,
      "first_seed": 27000,
      "games": 50,
      "output": "docs/v2/reports/late-terminal-policy-improvement-v1-t5-r8-confirm50.json",
      "policy_bear_candidates": 8,
      "policy_candidates": 8,
      "policy_habitat_candidates": 6,
      "policy_market_draws": 4,
      "sequential": true,
      "terminal_turns": 5
    }
  },
  "elapsed_seconds": 381.646196292,
  "first_seed": 27000,
  "game_losses": 9,
  "game_ties": 6,
  "game_wins": 35,
  "games": 50,
  "mean_breakdown_delta": {
    "habitat": [
      0.10499999999999954,
      -0.03500000000000014,
      0.10500000000000043,
      0.025000000000000355,
      0.14000000000000057
    ],
    "nature_tokens": -0.06000000000000005,
    "wildlife": [
      0.20000000000000107,
      0.03999999999999915,
      0.014999999999998792,
      -0.08000000000000007,
      -0.02999999999999936
    ]
  },
  "mean_paired_delta": 0.425,
  "paired_delta_stddev": 0.8194852789702689,
  "pairs": [
    {
      "baseline_mean": 91.5,
      "delta": 0.25,
      "seed": 27000,
      "treatment_mean": 91.75
    },
    {
      "baseline_mean": 91.0,
      "delta": 1.5,
      "seed": 27001,
      "treatment_mean": 92.5
    },
    {
      "baseline_mean": 89.75,
      "delta": 0.25,
      "seed": 27002,
      "treatment_mean": 90.0
    },
    {
      "baseline_mean": 92.75,
      "delta": 0.25,
      "seed": 27003,
      "treatment_mean": 93.0
    },
    {
      "baseline_mean": 93.0,
      "delta": -1.25,
      "seed": 27004,
      "treatment_mean": 91.75
    },
    {
      "baseline_mean": 92.0,
      "delta": 0.75,
      "seed": 27005,
      "treatment_mean": 92.75
    },
    {
      "baseline_mean": 94.25,
      "delta": -1.5,
      "seed": 27006,
      "treatment_mean": 92.75
    },
    {
      "baseline_mean": 91.75,
      "delta": 1.5,
      "seed": 27007,
      "treatment_mean": 93.25
    },
    {
      "baseline_mean": 88.25,
      "delta": 0.75,
      "seed": 27008,
      "treatment_mean": 89.0
    },
    {
      "baseline_mean": 91.0,
      "delta": 1.5,
      "seed": 27009,
      "treatment_mean": 92.5
    },
    {
      "baseline_mean": 92.25,
      "delta": 1.0,
      "seed": 27010,
      "treatment_mean": 93.25
    },
    {
      "baseline_mean": 92.25,
      "delta": 0.75,
      "seed": 27011,
      "treatment_mean": 93.0
    },
    {
      "baseline_mean": 88.5,
      "delta": 0.25,
      "seed": 27012,
      "treatment_mean": 88.75
    },
    {
      "baseline_mean": 91.25,
      "delta": 0.25,
      "seed": 27013,
      "treatment_mean": 91.5
    },
    {
      "baseline_mean": 91.75,
      "delta": 1.5,
      "seed": 27014,
      "treatment_mean": 93.25
    },
    {
      "baseline_mean": 90.75,
      "delta": 1.0,
      "seed": 27015,
      "treatment_mean": 91.75
    },
    {
      "baseline_mean": 91.5,
      "delta": 0.5,
      "seed": 27016,
      "treatment_mean": 92.0
    },
    {
      "baseline_mean": 91.5,
      "delta": 0.0,
      "seed": 27017,
      "treatment_mean": 91.5
    },
    {
      "baseline_mean": 94.5,
      "delta": -0.5,
      "seed": 27018,
      "treatment_mean": 94.0
    },
    {
      "baseline_mean": 92.75,
      "delta": -0.25,
      "seed": 27019,
      "treatment_mean": 92.5
    },
    {
      "baseline_mean": 91.0,
      "delta": 0.0,
      "seed": 27020,
      "treatment_mean": 91.0
    },
    {
      "baseline_mean": 92.5,
      "delta": 0.25,
      "seed": 27021,
      "treatment_mean": 92.75
    },
    {
      "baseline_mean": 91.0,
      "delta": 0.5,
      "seed": 27022,
      "treatment_mean": 91.5
    },
    {
      "baseline_mean": 92.0,
      "delta": 1.0,
      "seed": 27023,
      "treatment_mean": 93.0
    },
    {
      "baseline_mean": 90.25,
      "delta": -0.5,
      "seed": 27024,
      "treatment_mean": 89.75
    },
    {
      "baseline_mean": 89.25,
      "delta": 2.75,
      "seed": 27025,
      "treatment_mean": 92.0
    },
    {
      "baseline_mean": 92.25,
      "delta": 0.0,
      "seed": 27026,
      "treatment_mean": 92.25
    },
    {
      "baseline_mean": 93.0,
      "delta": 0.5,
      "seed": 27027,
      "treatment_mean": 93.5
    },
    {
      "baseline_mean": 93.25,
      "delta": 0.0,
      "seed": 27028,
      "treatment_mean": 93.25
    },
    {
      "baseline_mean": 91.25,
      "delta": 1.5,
      "seed": 27029,
      "treatment_mean": 92.75
    },
    {
      "baseline_mean": 90.25,
      "delta": 0.5,
      "seed": 27030,
      "treatment_mean": 90.75
    },
    {
      "baseline_mean": 91.25,
      "delta": 0.5,
      "seed": 27031,
      "treatment_mean": 91.75
    },
    {
      "baseline_mean": 94.25,
      "delta": -0.75,
      "seed": 27032,
      "treatment_mean": 93.5
    },
    {
      "baseline_mean": 92.0,
      "delta": 0.75,
      "seed": 27033,
      "treatment_mean": 92.75
    },
    {
      "baseline_mean": 91.75,
      "delta": 1.0,
      "seed": 27034,
      "treatment_mean": 92.75
    },
    {
      "baseline_mean": 91.5,
      "delta": 0.75,
      "seed": 27035,
      "treatment_mean": 92.25
    },
    {
      "baseline_mean": 88.75,
      "delta": 2.25,
      "seed": 27036,
      "treatment_mean": 91.0
    },
    {
      "baseline_mean": 92.5,
      "delta": -1.25,
      "seed": 27037,
      "treatment_mean": 91.25
    },
    {
      "baseline_mean": 93.5,
      "delta": 0.0,
      "seed": 27038,
      "treatment_mean": 93.5
    },
    {
      "baseline_mean": 92.75,
      "delta": -0.75,
      "seed": 27039,
      "treatment_mean": 92.0
    },
    {
      "baseline_mean": 91.25,
      "delta": 0.5,
      "seed": 27040,
      "treatment_mean": 91.75
    },
    {
      "baseline_mean": 91.75,
      "delta": 0.5,
      "seed": 27041,
      "treatment_mean": 92.25
    },
    {
      "baseline_mean": 92.0,
      "delta": 0.25,
      "seed": 27042,
      "treatment_mean": 92.25
    },
    {
      "baseline_mean": 89.5,
      "delta": 0.0,
      "seed": 27043,
      "treatment_mean": 89.5
    },
    {
      "baseline_mean": 91.0,
      "delta": 0.25,
      "seed": 27044,
      "treatment_mean": 91.25
    },
    {
      "baseline_mean": 91.25,
      "delta": 0.5,
      "seed": 27045,
      "treatment_mean": 91.75
    },
    {
      "baseline_mean": 92.5,
      "delta": 1.0,