{
  "baseline_breakdown": {
    "habitat": [
      5.25,
      5.875,
      6.15,
      5.675,
      5.925
    ],
    "nature_tokens": 4.175,
    "wildlife": [
      8.075,
      12.6,
      11.875,
      12.35,
      14.5
    ]
  },
  "baseline_decision_latency": {
    "decisions": 800,
    "max_milliseconds": 3.573083,
    "mean_milliseconds": 1.1983766112499996,
    "p50_milliseconds": 1.1212915,
    "p90_milliseconds": 2.0891212,
    "p99_milliseconds": 2.8795067599999995
  },
  "baseline_elapsed_seconds": 0.9655430409999999,
  "baseline_id": "pattern-aware-v1-k8-h6-b8-m4",
  "baseline_mean": 92.45,
  "baseline_seconds_per_game": 0.09655430409999999,
  "baseline_statistics": {
    "confidence_95": [
      91.79748384438902,
      93.10251615561099
    ],
    "decision_latency": {
      "decisions": 800,
      "max_milliseconds": 3.573083,
      "mean_milliseconds": 1.1983766112499996,
      "p50_milliseconds": 1.1212915,
      "p90_milliseconds": 2.0891212,
      "p99_milliseconds": 2.8795067599999995
    },
    "game_mean_stddev": 1.052774113156917,
    "max_score": 97.0,
    "mean_breakdown": {
      "habitat": [
        5.25,
        5.875,
        6.15,
        5.675,
        5.925
      ],
      "nature_tokens": 4.175,
      "wildlife": [
        8.075,
        12.6,
        11.875,
        12.35,
        14.5
      ]
    },
    "mean_score": 92.45,
    "min_score": 87.0,
    "percentiles": {
      "p10": 88.9,
      "p50": 93.0,
      "p90": 96.0
    },
    "seat_score_stddev": 2.9521830253872507,
    "standard_error": 0.3329164059239696
  },
  "confidence_95": [
    -0.026734172888838503,
    1.0267341728888386
  ],
  "configuration": {
    "late-conservative-base-policy-improvement-compare": {
      "first_seed": 27900,
      "games": 10,
      "output": "docs/v2/reports/late-conservative-base-policy-improvement-v1-t5-r8-c90-pilot10.json",
      "policy_bear_candidates": 8,
      "policy_candidates": 8,
      "policy_habitat_candidates": 6,
      "policy_market_draws": 4,
      "sequential": true,
      "terminal_turns": 5
    }
  },
  "elapsed_seconds": 70.529629958,
  "first_seed": 27900,
  "game_losses": 1,
  "game_ties": 3,
  "game_wins": 6,
  "games": 10,
  "mean_breakdown_delta": {
    "habitat": [
      0.17499999999999982,
      -0.07500000000000018,
      -0.025000000000000355,
      0.125,
      0.04999999999999982
    ],
    "nature_tokens": -0.19999999999999973,
    "wildlife": [
      0.22500000000000142,
      -0.049999999999998934,
      -0.07499999999999929,
      0.22499999999999964,
      0.125
    ]
  },
  "mean_paired_delta": 0.5,
  "paired_delta_stddev": 0.8498365855987975,
  "pairs": [
    {
      "baseline_mean": 91.0,
      "delta": 1.5,
      "seed": 27900,
      "treatment_mean": 92.5
    },
    {
      "baseline_mean": 92.0,
      "delta": 0.75,
      "seed": 27901,
      "treatment_mean": 92.75
    },
    {
      "baseline_mean": 93.75,
      "delta": 1.5,
      "seed": 27902,
      "treatment_mean": 95.25
    },
    {
      "baseline_mean": 92.75,
      "delta": 1.25,
      "seed": 27903,
      "treatment_mean": 94.0
    },
    {
      "baseline_mean": 93.25,
      "delta": 0.0,
      "seed": 27904,
      "treatment_mean": 93.25
    },
    {
      "baseline_mean": 92.75,
      "delta": 0.5,
      "seed": 27905,
      "treatment_mean": 93.25
    },
    {
      "baseline_mean": 92.75,
      "delta": 0.75,
      "seed": 27906,
      "treatment_mean": 93.5
    },
    {
      "baseline_mean": 90.75,
      "delta": -1.25,
      "seed": 27907,
      "treatment_mean": 89.5
    },
    {
      "baseline_mean": 91.75,
      "delta": 0.0,
      "seed": 27908,
      "treatment_mean": 91.75
    },
    {
      "baseline_mean": 93.75,
      "delta": 0.0,
      "seed": 27909,
      "treatment_mean": 93.75
    }
  ],
  "protocol_id": "cascadia-aaaaa-4p-base-v1",
  "provenance": {
    "command_argv": [
      "target/release/cascadia-v2",
      "late-conservative-base-policy-improvement-compare",
      "--games",
      "10",
      "--first-seed",
      "27900",
      "--terminal-turns",
      "5",
      "--policy-candidates",
      "8",
      "--policy-habitat-candidates",
      "6",
      "--policy-bear-candidates",
      "8",
      "--policy-market-draws",
      "4",
      "--sequential",
      "--output",
      "docs/v2/reports/late-conservative-base-policy-improvement-v1-t5-r8-c90-pilot10.json"
    ],
    "created_unix_seconds": 1781212640,
    "executable": "/Users/johnherrick/cascadia/target/release/cascadia-v2",
    "executable_blake3": "53d1cbe478951263af2133ce4a22788770d31ec601e22edf30715ddfa70d4237",
    "git_dirty": true,
    "git_revision": "a9918946f66c237a803b23ea299c6a514785ae52",
    "git_status_blake3": "040649573460f9e760e60a31f702c6b4fd2d529fbf4cde3f99f4959353a08d33",
    "hardware": {
      "architecture": "aarch64",
      "chip": "Apple M4",
      "logical_cpu_count": 10,
      "memory_bytes": "17179869184",
      "operating_system": "macOS 26.2"
    },
    "input_artifacts": [],
    "toolchain": {
      "cargo": "cargo 1.94.1 (29ea6fb6a 2026-03-24)",
      "package_version": "0.1.0",
      "rustc": "rustc 1.94.1 (e408947bf 2026-03-25)"
    },
    "v2_source_blake3": "b927a1b0154c199e102f249a2e54c24e4d286c45c3da3d6eff27116d87428155"
  },
  "report_schema_version": 1,
  "seat_games_per_strategy": 40,
  "standard_error": 0.26874192494328497,
  "treatment_breakdown": {
    "habitat": [
      5.425,
      5.8,
      6.125,
      5.8,
      5.975
    ],
    "nature_tokens": 3.975,
    "wildlife": [
      8.3,
      12.55,
      11.8,
      12.575,
      14.625
    ]
  },
  "treatment_decision_latency": {
    "decisions": 800,
    "max_milliseconds": 1510.3021669999998,
    "mean_milliseconds": 86.94598730499997,
    "p50_milliseconds": 1.1727295,
    "p90_milliseconds": 391.75299170000005,
    "p99_milliseconds": 923.2831445799997
  },
  "treatment_elapsed_seconds": 69.564009627,
  "treatment_id": "late-conservative-base-policy-improvement-v1-t5-r8-k8-h6-b8-m4-c90",
  "treatment_mean": 92.95,
  "treatment_seconds_per_game": 6.9564009627,
  "treatment_statistics": {
    "confidence_95": [
      92.00097851563952,
      93.89902148436049
    ],
    "decision_latency": {
      "decisions": 800,
      "max_milliseconds": 1510.3021669999998,
      "mean_milliseconds": 86.94598730499997,
      "p50_milliseconds": 1.1727295,
      "p90_milliseconds": 391.75299170000005,
      "p99_milliseconds": 923.2831445799997
    },
    "game_mean_stddev": 1.531157877047447,
    "max_score": 102.0,
    "mean_breakdown": {
      "habitat": [
        5.425,
        5.8,
        6.125,
        5.8,
        5.975
      ],
      "nature_tokens": 3.975,
      "wildlife": [
        8.3,
        12.55,
        11.8,
        12.575,
        14.625
      ]
    },
    "mean_score": 92.95,
    "min_score": 86.0,
    "percentiles": {
      "p10": 87.9,
      "p50": 93.0,
      "p90": 96.1
    },
    "seat_score_stddev": 3.3964536557853164,
    "standard_error": 0.48419463487779835
  }
}
