{
  "protocol_id": "cascadia-aaaaa-4p-base-v1",
  "strategy_id": "mlx-value-v1",
  "games": 1,
  "seat_games": 4,
  "first_seed": 10000,
  "mean_score": 43.0,
  "game_mean_stddev": 0.0,
  "seat_score_stddev": 14.696938456699069,
  "standard_error": 0.0,
  "confidence_95": [
    43.0,
    43.0
  ],
  "percentiles": {
    "p10": 31.0,
    "p50": 40.0,
    "p90": 57.400000000000006
  },
  "min_score": 31.0,
  "max_score": 61.0,
  "mean_breakdown": {
    "habitat": [
      1.75,
      2.75,
      2.25,
      2.25,
      1.5
    ],
    "wildlife": [
      2.75,
      5.5,
      8.0,
      6.25,
      9.25
    ],
    "nature_tokens": 0.75
  },
  "elapsed_seconds": 84.765494084,
  "games_per_second": 0.011797253243271735
}
