{
  "baseline_breakdown": {
    "habitat": [
      5.775,
      5.95,
      6.1,
      5.55,
      6.225
    ],
    "nature_tokens": 3.575,
    "wildlife": [
      5.95,
      12.5,
      12.35,
      12.125,
      15.525
    ]
  },
  "baseline_decision_latency": {
    "decisions": 800,
    "max_milliseconds": 346.516541,
    "mean_milliseconds": 86.93339184374996,
    "p50_milliseconds": 75.3480625,
    "p90_milliseconds": 163.96167920000002,
    "p99_milliseconds": 264.15272167
  },
  "baseline_elapsed_seconds": 69.557230041,
  "baseline_id": "habitat-candidate-lookahead-v1-k8-h6-r4-d4",
  "baseline_mean": 91.625,
  "baseline_seconds_per_game": 6.955723004099999,
  "baseline_statistics": {
    "confidence_95": [
      90.47179263693721,
      92.77820736306279
    ],
    "decision_latency": {
      "decisions": 800,
      "max_milliseconds": 346.516541,
      "mean_milliseconds": 86.93339184374996,
      "p50_milliseconds": 75.3480625,
      "p90_milliseconds": 163.96167920000002,
      "p99_milliseconds": 264.15272167
    },
    "game_mean_stddev": 1.8605927968138423,
    "max_score": 99.0,
    "mean_breakdown": {
      "habitat": [
        5.775,
        5.95,
        6.1,
        5.55,
        6.225
      ],
      "nature_tokens": 3.575,
      "wildlife": [
        5.95,
        12.5,
        12.35,
        12.125,
        15.525
      ]
    },
    "mean_score": 91.625,
    "min_score": 83.0,
    "percentiles": {
      "p10": 88.9,
      "p50": 91.5,
      "p90": 95.1
    },
    "seat_score_stddev": 3.1024184114977142,
    "standard_error": 0.5883711036034618
  },
  "confidence_95": [
    -1.3220638300056249,
    1.672063830005625
  ],
  "configuration": {
    "ranking-habitat-prefilter-compare": {
      "baseline_candidates": 8,
      "baseline_habitat_candidates": 6,
      "candidates": 16,
      "determinizations": 4,
      "first_seed": 22500,
      "games": 10,
      "greedy_plies": 4,
      "habitat_candidates": 8,
      "immediate_anchors": 8,
      "model_dir": "artifacts/models/entity-ranker-v1-h6",
      "output": "docs/v2/reports/mlx-ranking-h6-wide-prefilter-v1-pilot10.json",
      "prefilter_candidates": 14,
      "run_dir": null,
      "server": ".venv/bin/cascadia-mlx-ranking-serve"
    }
  },
  "elapsed_seconds": 142.927495875,
  "first_seed": 22500,
  "game_losses": 7,
  "game_ties": 0,
  "game_wins": 3,
  "games": 10,
  "mean_breakdown_delta": {
    "habitat": [
      -0.10000000000000053,
      -0.125,
      -0.07499999999999929,
      0.40000000000000036,
      -0.4249999999999998
    ],
    "nature_tokens": 0.5750000000000002,
    "wildlife": [
      -0.27500000000000036,
      0.25,
      -0.29999999999999893,
      0.27500000000000036,
      -0.025000000000000355
    ]
  },
  "mean_paired_delta": 0.175,
  "paired_delta_stddev": 2.4153732170780104,
  "pairs": [
    {
      "baseline_mean": 91.5,
      "delta": -0.25,
      "seed": 22500,
      "treatment_mean": 91.25
    },
    {
      "baseline_mean": 91.0,
      "delta": -0.25,
      "seed": 22501,
      "treatment_mean": 90.75
    },
    {
      "baseline_mean": 92.25,
      "delta": -2.0,
      "seed": 22502,
      "treatment_mean": 90.25
    },
    {
      "baseline_mean": 90.25,
      "delta": 1.75,
      "seed": 22503,
      "treatment_mean": 92.0
    },
    {
      "baseline_mean": 91.0,
      "delta": -1.0,
      "seed": 22504,
      "treatment_mean": 90.0
    },
    {
      "baseline_mean": 91.75,
      "delta": -0.5,
      "seed": 22505,
      "treatment_mean": 91.25
    },
    {
      "baseline_mean": 91.5,
      "delta": 2.0,
      "seed": 22506,
      "treatment_mean": 93.5
    },
    {
      "baseline_mean": 95.25,
      "delta": -2.25,
      "seed": 22507,
      "treatment_mean": 93.0
    },
    {
      "baseline_mean": 93.5,
      "delta": -1.5,
      "seed": 22508,
      "treatment_mean": 92.0
    },
    {
      "baseline_mean": 88.25,
      "delta": 5.75,
      "seed": 22509,
      "treatment_mean": 94.0
    }
  ],
  "protocol_id": "cascadia-aaaaa-4p-base-v1",
  "provenance": {
    "command_argv": [
      "target/release/cascadia-v2",
      "ranking-habitat-prefilter-compare",
      "--model-dir",
      "artifacts/models/entity-ranker-v1-h6",
      "--games",
      "10",
      "--first-seed",
      "22500",
      "--baseline-candidates",
      "8",
      "--baseline-habitat-candidates",
      "6",
      "--candidates",
      "16",
      "--habitat-candidates",
      "8",
      "--immediate-anchors",
      "8",
      "--prefilter-candidates",
      "14",
      "--determinizations",
      "4",
      "--greedy-plies",
      "4",
      "--output",
      "docs/v2/reports/mlx-ranking-h6-wide-prefilter-v1-pilot10.json"
    ],
    "created_unix_seconds": 1781160809,
    "executable": "/Users/johnherrick/cascadia/target/release/cascadia-v2",
    "executable_blake3": "4f43419cc21ec4ecdec2e72d09339ff3090a988fbabd566a53cbc05d518a2706",
    "git_dirty": true,
    "git_revision": "a9918946f66c237a803b23ea299c6a514785ae52",
    "git_status_blake3": "040649573460f9e760e60a31f702c6b4fd2d529fbf4cde3f99f4959353a08d33",
    "hardware": {
      "architecture": "aarch64",
      "chip": "Apple M4",
      "logical_cpu_count": 10,
      "memory_bytes": "17179869184",
      "operating_system": "macOS 26.2"
    },
    "input_artifacts": [
      {
        "manifest": "/Users/johnherrick/cascadia/artifacts/models/entity-ranker-v1-h6/model.json",
        "manifest_blake3": "6fa654a6af96fa8cf137a5b57d808c311565bbf2d61a8ebee50c2f511218c723",
        "path": "/Users/johnherrick/cascadia/artifacts/models/entity-ranker-v1-h6",
        "role": "model_dir"
      }
    ],
    "toolchain": {
      "cargo": "cargo 1.94.1 (29ea6fb6a 2026-03-24)",
      "package_version": "0.1.0",
      "rustc": "rustc 1.94.1 (e408947bf 2026-03-25)"
    },
    "v2_source_blake3": "a0c1994e21baa15e14af4b8ba815bcfdbc455ee0fe4e5cb28812697961b4acaa"
  },
  "report_schema_version": 1,
  "seat_games_per_strategy": 40,
  "standard_error": 0.7638080765334821,
  "treatment_breakdown": {
    "habitat": [
      5.675,
      5.825,
      6.025,
      5.95,
      5.8
    ],
    "nature_tokens": 4.15,
    "wildlife": [
      5.675,
      12.75,
      12.05,
      12.4,
      15.5
    ]
  },
  "treatment_decision_latency": {
    "decisions": 800,
    "max_milliseconds": 405.840792,
    "mean_milliseconds": 91.70035213624986,
    "p50_milliseconds": 79.834833,
    "p90_milliseconds": 164.50182470000004,
    "p99_milliseconds": 258.60659116
  },
  "treatment_elapsed_seconds": 73.370212127,
  "treatment_id": "mlx-habitat-prefilter-lookahead-v1-k16-h8-a8-p14-r4-d4",
  "treatment_mean": 91.8,
  "treatment_seconds_per_game": 7.3370212127,
  "treatment_statistics": {
    "confidence_95": [
      90.95823888318729,
      92.6417611168127
    ],
    "decision_latency": {
      "decisions": 800,
      "max_milliseconds": 405.840792,
      "mean_milliseconds": 91.70035213624986,
      "p50_milliseconds": 79.834833,
      "p90_milliseconds": 164.50182470000004,
      "p99_milliseconds": 258.60659116
    },
    "game_mean_stddev": 1.3581032524975574,
    "max_score": 98.0,
    "mean_breakdown": {
      "habitat": [
        5.675,
        5.825,
        6.025,
        5.95,
        5.8
      ],
      "nature_tokens": 4.15,
      "wildlife": [
        5.675,
        12.75,
        12.05,
        12.4,
        15.5
      ]
    },
    "mean_score": 91.8,
    "min_score": 86.0,
    "percentiles": {
      "p10": 88.0,
      "p50": 91.0,
      "p90": 95.1
    },
    "seat_score_stddev": 2.9802770478684155,
    "standard_error": 0.4294699575575041
  }
}
