{
  "baseline_breakdown": {
    "habitat": [
      5.8,
      5.775,
      5.75,
      5.975,
      5.975
    ],
    "nature_tokens": 3.175,
    "wildlife": [
      6.775,
      12.475,
      12.3,
      11.9,
      15.175
    ]
  },
  "baseline_decision_latency": {
    "decisions": 800,
    "max_milliseconds": 334.039083,
    "mean_milliseconds": 64.78324458249996,
    "p50_milliseconds": 54.7133335,
    "p90_milliseconds": 127.2814497,
    "p99_milliseconds": 227.45218624999993
  },
  "baseline_elapsed_seconds": 51.839974958000006,
  "baseline_id": "habitat-candidate-lookahead-v1-k8-h6-r4-d4",
  "baseline_mean": 91.075,
  "baseline_seconds_per_game": 5.183997495800001,
  "baseline_statistics": {
    "confidence_95": [
      90.11410568276793,
      92.03589431723208
    ],
    "decision_latency": {
      "decisions": 800,
      "max_milliseconds": 334.039083,
      "mean_milliseconds": 64.78324458249996,
      "p50_milliseconds": 54.7133335,
      "p90_milliseconds": 127.2814497,
      "p99_milliseconds": 227.45218624999993
    },
    "game_mean_stddev": 1.5503135883498609,
    "max_score": 96.0,
    "mean_breakdown": {
      "habitat": [
        5.8,
        5.775,
        5.75,
        5.975,
        5.975
      ],
      "nature_tokens": 3.175,
      "wildlife": [
        6.775,
        12.475,
        12.3,
        11.9,
        15.175
      ]
    },
    "mean_score": 91.075,
    "min_score": 85.0,
    "percentiles": {
      "p10": 88.0,
      "p50": 91.0,
      "p90": 94.1
    },
    "seat_score_stddev": 2.6831621222652533,
    "standard_error": 0.49025220266942415
  },
  "confidence_95": [
    -1.7956241630425909,
    0.6956241630425908
  ],
  "configuration": {
    "pattern-blueprint-compare": {
      "candidates": 8,
      "determinizations": 4,
      "first_seed": 23500,
      "games": 10,
      "habitat_candidates": 6,
      "output": "docs/v2/reports/pattern-blueprint-lookahead-v1-pilot10.json",
      "policy_bear_candidates": 8,
      "policy_candidates": 8,
      "policy_habitat_candidates": 6,
      "policy_market_draws": 4,
      "rollout_plies": 4
    }
  },
  "elapsed_seconds": 129.87293075,
  "first_seed": 23500,
  "game_losses": 6,
  "game_ties": 0,
  "game_wins": 4,
  "games": 10,
  "mean_breakdown_delta": {
    "habitat": [
      -0.27499999999999947,
      -0.25,
      0.34999999999999964,
      0.22500000000000053,
      -0.09999999999999964
    ],
    "nature_tokens": -0.09999999999999964,
    "wildlife": [
      -0.6750000000000007,
      -0.049999999999998934,
      -0.025000000000000355,
      1.049999999999999,
      -0.7000000000000011
    ]
  },
  "mean_paired_delta": -0.55,
  "paired_delta_stddev": 2.0096987059977147,
  "pairs": [
    {
      "baseline_mean": 92.25,
      "delta": -1.25,
      "seed": 23500,
      "treatment_mean": 91.0
    },
    {
      "baseline_mean": 94.25,
      "delta": -4.0,
      "seed": 23501,
      "treatment_mean": 90.25
    },
    {
      "baseline_mean": 90.5,
      "delta": -0.25,
      "seed": 23502,
      "treatment_mean": 90.25
    },
    {
      "baseline_mean": 89.75,
      "delta": 0.5,
      "seed": 23503,
      "treatment_mean": 90.25
    },
    {
      "baseline_mean": 90.75,
      "delta": -0.25,
      "seed": 23504,
      "treatment_mean": 90.5
    },
    {
      "baseline_mean": 91.25,
      "delta": 2.75,
      "seed": 23505,
      "treatment_mean": 94.0
    },
    {
      "baseline_mean": 89.5,
      "delta": -3.0,
      "seed": 23506,
      "treatment_mean": 86.5
    },
    {
      "baseline_mean": 92.5,
      "delta": -1.75,
      "seed": 23507,
      "treatment_mean": 90.75
    },
    {
      "baseline_mean": 90.75,
      "delta": 0.5,
      "seed": 23508,
      "treatment_mean": 91.25
    },
    {
      "baseline_mean": 89.25,
      "delta": 1.25,
      "seed": 23509,
      "treatment_mean": 90.5
    }
  ],
  "protocol_id": "cascadia-aaaaa-4p-base-v1",
  "provenance": {
    "command_argv": [
      "target/release/cascadia-v2",
      "pattern-blueprint-compare",
      "--games",
      "10",
      "--first-seed",
      "23500",
      "--candidates",
      "8",
      "--habitat-candidates",
      "6",
      "--determinizations",
      "4",
      "--rollout-plies",
      "4",
      "--policy-candidates",
      "8",
      "--policy-habitat-candidates",
      "6",
      "--policy-bear-candidates",
      "8",
      "--policy-market-draws",
      "4",
      "--output",
      "docs/v2/reports/pattern-blueprint-lookahead-v1-pilot10.json"
    ],
    "created_unix_seconds": 1781164102,
    "executable": "/Users/johnherrick/cascadia/target/release/cascadia-v2",
    "executable_blake3": "d55d93f9402fbb0202ea89de73961dd2304f1908c7000f2c81b8800512fab8c5",
    "git_dirty": true,
    "git_revision": "a9918946f66c237a803b23ea299c6a514785ae52",
    "git_status_blake3": "040649573460f9e760e60a31f702c6b4fd2d529fbf4cde3f99f4959353a08d33",
    "hardware": {
      "architecture": "aarch64",
      "chip": "Apple M4",
      "logical_cpu_count": 10,
      "memory_bytes": "17179869184",
      "operating_system": "macOS 26.2"
    },
    "input_artifacts": [],
    "toolchain": {
      "cargo": "cargo 1.94.1 (29ea6fb6a 2026-03-24)",
      "package_version": "0.1.0",
      "rustc": "rustc 1.94.1 (e408947bf 2026-03-25)"
    },
    "v2_source_blake3": "b944cab99acb2502eab0e8f652880e041d86a4cc7c35487d62b8398453f806c9"
  },
  "report_schema_version": 1,
  "seat_games_per_strategy": 40,
  "standard_error": 0.6355225321645872,
  "treatment_breakdown": {
    "habitat": [
      5.525,
      5.525,
      6.1,
      6.2,
      5.875
    ],
    "nature_tokens": 3.075,
    "wildlife": [
      6.1,
      12.425,
      12.275,
      12.95,
      14.475
    ]
  },
  "treatment_decision_latency": {
    "decisions": 800,
    "max_milliseconds": 564.877292,
    "mean_milliseconds": 97.53156998749988,
    "p50_milliseconds": 83.8231875,
    "p90_milliseconds": 173.9902715,
    "p99_milliseconds": 419.17982249999994
  },
  "treatment_elapsed_seconds": 78.032921584,
  "treatment_id": "pattern-blueprint-lookahead-v1-k8-h6-r4-d4-pk8-ph6-pb8-pm4",
  "treatment_mean": 90.525,
  "treatment_seconds_per_game": 7.8032921584,
  "treatment_statistics": {
    "confidence_95": [
      89.4065542033697,
      91.64344579663032
    ],
    "decision_latency": {
      "decisions": 800,
      "max_milliseconds": 564.877292,
      "mean_milliseconds": 97.53156998749988,
      "p50_milliseconds": 83.8231875,
      "p90_milliseconds": 173.9902715,
      "p99_milliseconds": 419.17982249999994
    },
    "game_mean_stddev": 1.8045082432618587,
    "max_score": 98.0,
    "mean_breakdown": {
      "habitat": [
        5.525,
        5.525,
        6.1,
        6.2,
        5.875
      ],
      "nature_tokens": 3.075,
      "wildlife": [
        6.1,
        12.425,
        12.275,
        12.95,
        14.475
      ]
    },
    "mean_score": 90.525,
    "min_score": 83.0,
    "percentiles": {
      "p10": 86.89999999999999,
      "p50": 90.0,
      "p90": 95.1
    },
    "seat_score_stddev": 3.4267986106494077,
    "standard_error": 0.5706356105256662
  }
}
