{
  "protocol_id": "cascadia-aaaaa-4p-base-v1",
  "strategy_id": "pattern-v1",
  "games": 10,
  "seat_games": 40,
  "first_seed": 0,
  "mean_score": 78.65,
  "game_mean_stddev": 2.569046515733026,
  "seat_score_stddev": 5.681955243102095,
  "standard_error": 0.8124038404635959,
  "confidence_95": [
    77.05768847269135,
    80.24231152730866
  ],
  "percentiles": {
    "p10": 72.9,
    "p50": 78.0,
    "p90": 85.0
  },
  "mean_breakdown": {
    "habitat": [
      5.5,
      5.675,
      5.525,
      5.45,
      5.775
    ],
    "wildlife": [
      0.1,
      10.85,
      11.55,
      11.55,
      14.425
    ],
    "nature_tokens": 2.25
  },
  "elapsed_seconds": 22.720248167,
  "games_per_second": 0.4401360375334495
}
