{
  "baseline_breakdown": {
    "habitat": [
      5.375,
      5.45,
      5.775,
      5.9,
      5.8
    ],
    "nature_tokens": 3.575,
    "wildlife": [
      7.5,
      11.975,
      12.5,
      12.5,
      15.125
    ]
  },
  "baseline_decision_latency": {
    "decisions": 800,
    "max_milliseconds": 47.582542,
    "mean_milliseconds": 6.165132311250006,
    "p50_milliseconds": 4.4167085,
    "p90_milliseconds": 13.491312200000003,
    "p99_milliseconds": 29.038663929999974
  },
  "baseline_elapsed_seconds": 4.945558835,
  "baseline_id": "pattern-aware-v1-k8-h6-b8-m4",
  "baseline_mean": 91.475,
  "baseline_seconds_per_game": 0.4945558835,
  "baseline_statistics": {
    "confidence_95": [
      90.78030510294086,
      92.16969489705913
    ],
    "decision_latency": {
      "decisions": 800,
      "max_milliseconds": 47.582542,
      "mean_milliseconds": 6.165132311250006,
      "p50_milliseconds": 4.4167085,
      "p90_milliseconds": 13.491312200000003,
      "p99_milliseconds": 29.038663929999974
    },
    "game_mean_stddev": 1.1208255885729947,
    "max_score": 97.0,
    "mean_breakdown": {
      "habitat": [
        5.375,
        5.45,
        5.775,
        5.9,
        5.8
      ],
      "nature_tokens": 3.575,
      "wildlife": [
        7.5,
        11.975,
        12.5,
        12.5,
        15.125
      ]
    },
    "mean_score": 91.475,
    "min_score": 86.0,
    "percentiles": {
      "p10": 88.0,
      "p50": 91.0,
      "p90": 95.1
    },
    "seat_score_stddev": 2.7918149597046673,
    "standard_error": 0.3544361719689456
  },
  "confidence_95": [
    -0.15088417149955746,
    1.9008841714995575
  ],
  "configuration": {
    "compare": {
      "baseline": "pattern-aware",
      "first_seed": 26000,
      "games": 10,
      "output": "docs/v2/reports/pattern-competition-v1-pilot10.json",
      "sequential": false,
      "treatment": "pattern-competition"
    }
  },
  "elapsed_seconds": 11.392172083,
  "first_seed": 26000,
  "game_losses": 4,
  "game_ties": 0,
  "game_wins": 6,
  "games": 10,
  "mean_breakdown_delta": {
    "habitat": [
      0.20000000000000018,
      0.75,
      -0.15000000000000036,
      -0.1750000000000007,
      -0.22499999999999964
    ],
    "nature_tokens": 0.7249999999999996,
    "wildlife": [
      1.2750000000000004,
      -0.8249999999999993,
      -0.5250000000000004,
      0.025000000000000355,
      -0.1999999999999993
    ]
  },
  "mean_paired_delta": 0.875,
  "paired_delta_stddev": 1.6551686721701004,
  "pairs": [
    {
      "baseline_mean": 91.25,
      "delta": 0.5,
      "seed": 26000,
      "treatment_mean": 91.75
    },
    {
      "baseline_mean": 91.5,
      "delta": 1.0,
      "seed": 26001,
      "treatment_mean": 92.5
    },
    {
      "baseline_mean": 93.75,
      "delta": -0.5,
      "seed": 26002,
      "treatment_mean": 93.25
    },
    {
      "baseline_mean": 92.0,
      "delta": 0.5,
      "seed": 26003,
      "treatment_mean": 92.5
    },
    {
      "baseline_mean": 91.75,
      "delta": -0.75,
      "seed": 26004,
      "treatment_mean": 91.0
    },
    {
      "baseline_mean": 91.75,
      "delta": 3.5,
      "seed": 26005,
      "treatment_mean": 95.25
    },
    {
      "baseline_mean": 92.0,
      "delta": 3.75,
      "seed": 26006,
      "treatment_mean": 95.75
    },
    {
      "baseline_mean": 91.0,
      "delta": 1.75,
      "seed": 26007,
      "treatment_mean": 92.75
    },
    {
      "baseline_mean": 90.0,
      "delta": -0.25,
      "seed": 26008,
      "treatment_mean": 89.75
    },
    {
      "baseline_mean": 89.75,
      "delta": -0.75,
      "seed": 26009,
      "treatment_mean": 89.0
    }
  ],
  "protocol_id": "cascadia-aaaaa-4p-base-v1",
  "provenance": {
    "command_argv": [
      "target/release/cascadia-v2",
      "compare",
      "--games",
      "10",
      "--first-seed",
      "26000",
      "--baseline",
      "pattern-aware",
      "--treatment",
      "pattern-competition",
      "--output",
      "docs/v2/reports/pattern-competition-v1-pilot10.json"
    ],
    "created_unix_seconds": 1781207124,
    "executable": "/Users/johnherrick/cascadia/target/release/cascadia-v2",
    "executable_blake3": "de4d32d0b279b5f7140e9ee9ab05d241d1ef523553919f4876117e1899bb8e62",
    "git_dirty": true,
    "git_revision": "a9918946f66c237a803b23ea299c6a514785ae52",
    "git_status_blake3": "040649573460f9e760e60a31f702c6b4fd2d529fbf4cde3f99f4959353a08d33",
    "hardware": {
      "architecture": "aarch64",
      "chip": "Apple M4",
      "logical_cpu_count": 10,
      "memory_bytes": "17179869184",
      "operating_system": "macOS 26.2"
    },
    "input_artifacts": [],
    "toolchain": {
      "cargo": "cargo 1.94.1 (29ea6fb6a 2026-03-24)",
      "package_version": "0.1.0",
      "rustc": "rustc 1.94.1 (e408947bf 2026-03-25)"
    },
    "v2_source_blake3": "c49be5e62bebdb68bf95d3c3b11615bb1f98c3ddfdcdeb1544103e07447c4a9e"
  },
  "report_schema_version": 1,
  "seat_games_per_strategy": 40,
  "standard_error": 0.5234102915814068,
  "treatment_breakdown": {
    "habitat": [
      5.575,
      6.2,
      5.625,
      5.725,
      5.575
    ],
    "nature_tokens": 4.3,
    "wildlife": [
      8.775,
      11.15,
      11.975,
      12.525,
      14.925
    ]
  },
  "treatment_decision_latency": {
    "decisions": 800,
    "max_milliseconds": 416.353208,
    "mean_milliseconds": 128.91354469625006,
    "p50_milliseconds": 130.538771,
    "p90_milliseconds": 228.5892535,
    "p99_milliseconds": 341.6279083399999
  },
  "treatment_elapsed_seconds": 103.16254841499999,
  "treatment_id": "pattern-competition-v1-k8-h6-b8-m4-t2-first-rotation",
  "treatment_mean": 92.35,
  "treatment_seconds_per_game": 10.3162548415,
  "treatment_statistics": {
    "confidence_95": [
      91.02468309869342,
      93.67531690130657
    ],
    "decision_latency": {
      "decisions": 800,
      "max_milliseconds": 416.353208,
      "mean_milliseconds": 128.91354469625006,
      "p50_milliseconds": 130.538771,
      "p90_milliseconds": 228.5892535,
      "p99_milliseconds": 341.6279083399999
    },
    "game_mean_stddev": 2.138275525329283,
    "max_score": 97.0,
    "mean_breakdown": {
      "habitat": [
        5.575,
        6.2,
        5.625,
        5.725,
        5.575
      ],
      "nature_tokens": 4.3,
      "wildlife": [
        8.775,
        11.15,
        11.975,
        12.525,
        14.925
      ]
    },
    "mean_score": 92.35,
    "min_score": 85.0,
    "percentiles": {
      "p10": 87.0,
      "p50": 93.0,
      "p90": 96.0
    },
    "seat_score_stddev": 3.262451492909856,
    "standard_error": 0.6761820925033596
  }
}
