{
  "baseline_breakdown": {
    "habitat": [
      5.375,
      5.485,
      5.68,
      5.56,
      5.455
    ],
    "nature_tokens": 1.93,
    "wildlife": [
      3.735,
      12.64,
      12.87,
      12.83,
      15.075
    ]
  },
  "baseline_decision_latency": {
    "decisions": 4000,
    "max_milliseconds": 633.8039170000001,
    "mean_milliseconds": 5.003948896750006,
    "p50_milliseconds": 2.5224789999999997,
    "p90_milliseconds": 12.4283378,
    "p99_milliseconds": 29.040382409999907
  },
  "baseline_elapsed_seconds": 20.131679794,
  "baseline_id": "greedy-v1",
  "baseline_mean": 86.635,
  "baseline_seconds_per_game": 0.40263359588000003,
  "baseline_statistics": {
    "confidence_95": [
      86.14917579311032,
      87.1208242068897
    ],
    "decision_latency": {
      "decisions": 4000,
      "max_milliseconds": 633.8039170000001,
      "mean_milliseconds": 5.003948896750006,
      "p50_milliseconds": 2.5224789999999997,
      "p90_milliseconds": 12.4283378,
      "p99_milliseconds": 29.040382409999907
    },
    "game_mean_stddev": 1.7527019956952998,
    "max_score": 94.0,
    "mean_breakdown": {
      "habitat": [
        5.375,
        5.485,
        5.68,
        5.56,
        5.455
      ],
      "nature_tokens": 1.93,
      "wildlife": [
        3.735,
        12.64,
        12.87,
        12.83,
        15.075
      ]
    },
    "mean_score": 86.635,
    "min_score": 75.0,
    "percentiles": {
      "p10": 82.0,
      "p50": 87.0,
      "p90": 91.0
    },
    "seat_score_stddev": 3.5076048034643867,
    "standard_error": 0.2478694933110683
  },
  "confidence_95": [
    4.2958389443930205,
    5.484161055606979
  ],
  "configuration": {
    "compare": {
      "baseline": "greedy",
      "first_seed": 23300,
      "games": 50,
      "output": "docs/v2/reports/pattern-aware-v1-confirm50.json",
      "sequential": false,
      "treatment": "pattern-aware"
    }
  },
  "elapsed_seconds": 6.445384167,
  "first_seed": 23300,
  "game_losses": 0,
  "game_ties": 0,
  "game_wins": 50,
  "games": 50,
  "mean_breakdown_delta": {
    "habitat": [
      0.28500000000000014,
      0.1200000000000001,
      0.2400000000000002,
      0.3000000000000007,
      0.34999999999999964
    ],
    "nature_tokens": 1.865,
    "wildlife": [
      3.8750000000000004,
      -0.7650000000000006,
      -0.29499999999999993,
      -0.6549999999999994,
      -0.4299999999999997
    ]
  },
  "mean_paired_delta": 4.89,
  "paired_delta_stddev": 2.143547507840063,
  "pairs": [
    {
      "baseline_mean": 84.75,
      "delta": 4.75,
      "seed": 23300,
      "treatment_mean": 89.5
    },
    {
      "baseline_mean": 89.5,
      "delta": 4.0,
      "seed": 23301,
      "treatment_mean": 93.5
    },
    {
      "baseline_mean": 86.25,
      "delta": 3.75,
      "seed": 23302,
      "treatment_mean": 90.0
    },
    {
      "baseline_mean": 86.25,
      "delta": 2.75,
      "seed": 23303,
      "treatment_mean": 89.0
    },
    {
      "baseline_mean": 83.0,
      "delta": 6.5,
      "seed": 23304,
      "treatment_mean": 89.5
    },
    {
      "baseline_mean": 89.5,
      "delta": 1.0,
      "seed": 23305,
      "treatment_mean": 90.5
    },
    {
      "baseline_mean": 87.75,
      "delta": 5.25,
      "seed": 23306,
      "treatment_mean": 93.0
    },
    {
      "baseline_mean": 88.0,
      "delta": 3.0,
      "seed": 23307,
      "treatment_mean": 91.0
    },
    {
      "baseline_mean": 84.5,
      "delta": 8.5,
      "seed": 23308,
      "treatment_mean": 93.0
    },
    {
      "baseline_mean": 89.25,
      "delta": 2.25,
      "seed": 23309,
      "treatment_mean": 91.5
    },
    {
      "baseline_mean": 85.25,
      "delta": 5.0,
      "seed": 23310,
      "treatment_mean": 90.25
    },
    {
      "baseline_mean": 86.75,
      "delta": 8.5,
      "seed": 23311,
      "treatment_mean": 95.25
    },
    {
      "baseline_mean": 87.0,
      "delta": 3.75,
      "seed": 23312,
      "treatment_mean": 90.75
    },
    {
      "baseline_mean": 85.75,
      "delta": 8.0,
      "seed": 23313,
      "treatment_mean": 93.75
    },
    {
      "baseline_mean": 86.5,
      "delta": 6.25,
      "seed": 23314,
      "treatment_mean": 92.75
    },
    {
      "baseline_mean": 85.25,
      "delta": 6.5,
      "seed": 23315,
      "treatment_mean": 91.75
    },
    {
      "baseline_mean": 87.0,
      "delta": 3.75,
      "seed": 23316,
      "treatment_mean": 90.75
    },
    {
      "baseline_mean": 86.25,
      "delta": 6.75,
      "seed": 23317,
      "treatment_mean": 93.0
    },
    {
      "baseline_mean": 85.75,
      "delta": 9.0,
      "seed": 23318,
      "treatment_mean": 94.75
    },
    {
      "baseline_mean": 87.0,
      "delta": 4.5,
      "seed": 23319,
      "treatment_mean": 91.5
    },
    {
      "baseline_mean": 85.25,
      "delta": 7.75,
      "seed": 23320,
      "treatment_mean": 93.0
    },
    {
      "baseline_mean": 88.75,
      "delta": 2.5,
      "seed": 23321,
      "treatment_mean": 91.25
    },
    {
      "baseline_mean": 87.75,
      "delta": 4.0,
      "seed": 23322,
      "treatment_mean": 91.75
    },
    {
      "baseline_mean": 85.0,
      "delta": 7.0,
      "seed": 23323,
      "treatment_mean": 92.0
    },
    {
      "baseline_mean": 85.5,
      "delta": 5.25,
      "seed": 23324,
      "treatment_mean": 90.75
    },
    {
      "baseline_mean": 85.25,
      "delta": 6.25,
      "seed": 23325,
      "treatment_mean": 91.5
    },
    {
      "baseline_mean": 86.25,
      "delta": 4.5,
      "seed": 23326,
      "treatment_mean": 90.75
    },
    {
      "baseline_mean": 87.75,
      "delta": 3.5,
      "seed": 23327,
      "treatment_mean": 91.25
    },
    {
      "baseline_mean": 85.75,
      "delta": 4.25,
      "seed": 23328,
      "treatment_mean": 90.0
    },
    {
      "baseline_mean": 83.5,
      "delta": 7.0,
      "seed": 23329,
      "treatment_mean": 90.5
    },
    {
      "baseline_mean": 85.25,
      "delta": 4.5,
      "seed": 23330,
      "treatment_mean": 89.75
    },
    {
      "baseline_mean": 85.0,
      "delta": 8.75,
      "seed": 23331,
      "treatment_mean": 93.75
    },
    {
      "baseline_mean": 87.5,
      "delta": 2.5,
      "seed": 23332,
      "treatment_mean": 90.0
    },
    {
      "baseline_mean": 88.0,
      "delta": 5.5,
      "seed": 23333,
      "treatment_mean": 93.5
    },
    {
      "baseline_mean": 87.0,
      "delta": 4.0,
      "seed": 23334,
      "treatment_mean": 91.0
    },
    {
      "baseline_mean": 83.75,
      "delta": 8.25,
      "seed": 23335,
      "treatment_mean": 92.0
    },
    {
      "baseline_mean": 88.25,
      "delta": 5.75,
      "seed": 23336,
      "treatment_mean": 94.0
    },
    {
      "baseline_mean": 90.75,
      "delta": 1.0,
      "seed": 23337,
      "treatment_mean": 91.75
    },
    {
      "baseline_mean": 90.25,
      "delta": 1.5,
      "seed": 23338,
      "treatment_mean": 91.75
    },
    {
      "baseline_mean": 84.25,
      "delta": 5.5,
      "seed": 23339,
      "treatment_mean": 89.75
    },
    {
      "baseline_mean": 88.75,
      "delta": 4.75,
      "seed": 23340,
      "treatment_mean": 93.5
    },
    {
      "baseline_mean": 87.75,
      "delta": 4.75,
      "seed": 23341,
      "treatment_mean": 92.5
    },
    {
      "baseline_mean": 86.5,
      "delta": 5.25,
      "seed": 23342,
      "treatment_mean": 91.75
    },
    {
      "baseline_mean": 88.75,
      "delta": 1.75,
      "seed": 23343,
      "treatment_mean": 90.5
    },
    {
      "baseline_mean": 85.25,
      "delta": 5.75,
      "seed": 23344,
      "treatment_mean": 91.0
    },
    {
      "baseline_mean": 87.75,
      "delta": 2.0,
      "seed": 23345,
      "treatment_mean": 89.75
    },
    {
      "baseline_mean": 86.0,
      "delta": 2.25,
      "seed": 23346,
      "treatment_mean": 88.25
    },
    {
      "baseline_mean": 85.75,
      "delta": 6.0,
      "seed": 23347,
      "treatment_mean": 91.75
    },
    {
      "baseline_mean": 87.75,