{
  "baseline_breakdown": {
    "habitat": [
      5.675,
      5.625,
      5.775,
      5.675,
      6.475
    ],
    "nature_tokens": 3.85,
    "wildlife": [
      18.55,
      8.675,
      10.6,
      8.875,
      14.25
    ]
  },
  "baseline_decision_latency": {
    "decisions": 800,
    "max_milliseconds": 18445.426792,
    "mean_milliseconds": 997.4009342650004,
    "p50_milliseconds": 139.47497900000002,
    "p90_milliseconds": 3443.5909914000003,
    "p99_milliseconds": 12653.945375079998
  },
  "baseline_elapsed_seconds": 799.530608999,
  "baseline_id": "perfect-information-focal-beam-v1-t5-b16-k8-h6-b8-w2-m4",
  "baseline_mean": 94.025,
  "baseline_seconds_per_game": 79.95306089990001,
  "baseline_statistics": {
    "confidence_95": [
      92.98056027778846,
      95.06943972221156
    ],
    "decision_latency": {
      "decisions": 800,
      "max_milliseconds": 18445.426792,
      "mean_milliseconds": 997.4009342650004,
      "p50_milliseconds": 139.47497900000002,
      "p90_milliseconds": 3443.5909914000003,
      "p99_milliseconds": 12653.945375079998
    },
    "game_mean_stddev": 1.6851063270112463,
    "max_score": 99.0,
    "mean_breakdown": {
      "habitat": [
        5.675,
        5.625,
        5.775,
        5.675,
        6.475
      ],
      "nature_tokens": 3.85,
      "wildlife": [
        18.55,
        8.675,
        10.6,
        8.875,
        14.25
      ]
    },
    "mean_score": 94.025,
    "min_score": 88.0,
    "percentiles": {
      "p10": 90.8,
      "p50": 94.0,
      "p90": 98.0
    },
    "seat_score_stddev": 2.768758862924983,
    "standard_error": 0.5328774092916055
  },
  "confidence_95": [
    -0.04799999999999999,
    0.148
  ],
  "configuration": {
    "perfect-information-portfolio-beam-compare": {
      "beam_width": 16,
      "first_seed": 30300,
      "games": 10,
      "output": "docs/v2/reports/perfect-information-portfolio-beam-v1-t5-b16-w2-pilot10.json",
      "policy_bear_candidates": 8,
      "policy_candidates": 8,
      "policy_habitat_candidates": 6,
      "policy_market_draws": 4,
      "terminal_turns": 5,
      "wildlife_candidates": 2
    }
  },
  "elapsed_seconds": 1609.66449875,
  "first_seed": 30300,
  "game_losses": 0,
  "game_ties": 9,
  "game_wins": 1,
  "games": 10,
  "mean_breakdown_delta": {
    "habitat": [
      0.025000000000000355,
      0.0,
      0.0,
      0.0,
      0.025000000000000355
    ],
    "nature_tokens": 0.04999999999999982,
    "wildlife": [
      0.0,
      -0.05000000000000071,
      0.05000000000000071,
      0.07499999999999929,
      -0.125
    ]
  },
  "mean_paired_delta": 0.05,
  "paired_delta_stddev": 0.15811388300841897,
  "pairs": [
    {
      "baseline_mean": 94.5,
      "delta": 0.0,
      "seed": 30300,
      "treatment_mean": 94.5
    },
    {
      "baseline_mean": 96.5,
      "delta": 0.0,
      "seed": 30301,
      "treatment_mean": 96.5
    },
    {
      "baseline_mean": 94.0,
      "delta": 0.0,
      "seed": 30302,
      "treatment_mean": 94.0
    },
    {
      "baseline_mean": 94.5,
      "delta": 0.0,
      "seed": 30303,
      "treatment_mean": 94.5
    },
    {
      "baseline_mean": 94.5,
      "delta": 0.0,
      "seed": 30304,
      "treatment_mean": 94.5
    },
    {
      "baseline_mean": 96.25,
      "delta": 0.0,
      "seed": 30305,
      "treatment_mean": 96.25
    },
    {
      "baseline_mean": 92.5,
      "delta": 0.5,
      "seed": 30306,
      "treatment_mean": 93.0
    },
    {
      "baseline_mean": 92.5,
      "delta": 0.0,
      "seed": 30307,
      "treatment_mean": 92.5
    },
    {
      "baseline_mean": 94.0,
      "delta": 0.0,
      "seed": 30308,
      "treatment_mean": 94.0
    },
    {
      "baseline_mean": 91.0,
      "delta": 0.0,
      "seed": 30309,
      "treatment_mean": 91.0
    }
  ],
  "protocol_id": "cascadia-aaaaa-4p-base-v1",
  "provenance": {
    "command_argv": [
      "target/release/cascadia-v2",
      "perfect-information-portfolio-beam-compare",
      "--games",
      "10",
      "--first-seed",
      "30300",
      "--beam-width",
      "16",
      "--terminal-turns",
      "5",
      "--wildlife-candidates",
      "2",
      "--output",
      "docs/v2/reports/perfect-information-portfolio-beam-v1-t5-b16-w2-pilot10.json"
    ],
    "created_unix_seconds": 1781229897,
    "executable": "/Users/johnherrick/cascadia/target/release/cascadia-v2",
    "executable_blake3": "542093a34cd00cf9d9e0f67c7b520201c8d81dfa469c5cea0e7293dfffabe5b2",
    "git_dirty": true,
    "git_revision": "a9918946f66c237a803b23ea299c6a514785ae52",
    "git_status_blake3": "040649573460f9e760e60a31f702c6b4fd2d529fbf4cde3f99f4959353a08d33",
    "hardware": {
      "architecture": "aarch64",
      "chip": "Apple M4",
      "logical_cpu_count": 10,
      "memory_bytes": "17179869184",
      "operating_system": "macOS 26.2"
    },
    "input_artifacts": [],
    "toolchain": {
      "cargo": "cargo 1.94.1 (29ea6fb6a 2026-03-24)",
      "package_version": "0.1.0",
      "rustc": "rustc 1.94.1 (e408947bf 2026-03-25)"
    },
    "v2_source_blake3": "40b09c2f96b07b30632873daed0cbfcdb729141ff01e386ecf21144196ccf783"
  },
  "report_schema_version": 1,
  "seat_games_per_strategy": 40,
  "standard_error": 0.049999999999999996,
  "treatment_breakdown": {
    "habitat": [
      5.7,
      5.625,
      5.775,
      5.675,
      6.5
    ],
    "nature_tokens": 3.9,
    "wildlife": [
      18.55,
      8.625,
      10.65,
      8.95,
      14.125
    ]
  },
  "treatment_decision_latency": {
    "decisions": 800,
    "max_milliseconds": 18540.831042,
    "mean_milliseconds": 1010.5386489062507,
    "p50_milliseconds": 139.5804165,
    "p90_milliseconds": 3595.9168667000004,
    "p99_milliseconds": 13640.937192169999
  },
  "treatment_elapsed_seconds": 810.1336591679999,
  "treatment_id": "perfect-information-portfolio-beam-v1-t5-b16-k8-h6-b8-w2-m4",
  "treatment_mean": 94.075,
  "treatment_seconds_per_game": 81.01336591679998,
  "treatment_statistics": {
    "confidence_95": [
      93.05747134902474,
      95.09252865097527
    ],
    "decision_latency": {
      "decisions": 800,
      "max_milliseconds": 18540.831042,
      "mean_milliseconds": 1010.5386489062507,
      "p50_milliseconds": 139.5804165,
      "p90_milliseconds": 3595.9168667000004,
      "p99_milliseconds": 13640.937192169999
    },
    "game_mean_stddev": 1.641687817122637,
    "max_score": 99.0,
    "mean_breakdown": {
      "habitat": [
        5.7,
        5.625,
        5.775,
        5.675,
        6.5
      ],
      "nature_tokens": 3.9,
      "wildlife": [
        18.55,
        8.625,
        10.65,
        8.95,
        14.125
      ]
    },
    "mean_score": 94.075,
    "min_score": 88.0,
    "percentiles": {
      "p10": 90.8,
      "p50": 94.0,
      "p90": 98.0
    },
    "seat_score_stddev": 2.767832624256286,
    "standard_error": 0.5191472709057506
  }
}
