{
  "baseline_breakdown": {
    "habitat": [
      5.1,
      7.075,
      4.975,
      5.825,
      6.25
    ],
    "nature_tokens": 3.9,
    "wildlife": [
      16.725,
      8.775,
      10.35,
      9.3,
      16.275
    ]
  },
  "baseline_decision_latency": {
    "decisions": 800,
    "max_milliseconds": 15577.905375,
    "mean_milliseconds": 877.6094543624997,
    "p50_milliseconds": 124.746646,
    "p90_milliseconds": 3108.9072250000004,
    "p99_milliseconds": 11822.53396975999
  },
  "baseline_elapsed_seconds": 703.6764870819999,
  "baseline_id": "perfect-information-root-diverse-beam-v1-t5-b16-rootw2-futurew2-k8-h6-b8-m4",
  "baseline_mean": 94.55,
  "baseline_seconds_per_game": 70.3676487082,
  "baseline_statistics": {
    "confidence_95": [
      93.8655573232346,
      95.2344426767654
    ],
    "decision_latency": {
      "decisions": 800,
      "max_milliseconds": 15577.905375,
      "mean_milliseconds": 877.6094543624997,
      "p50_milliseconds": 124.746646,
      "p90_milliseconds": 3108.9072250000004,
      "p99_milliseconds": 11822.53396975999
    },
    "game_mean_stddev": 1.1042845848984961,
    "max_score": 101.0,
    "mean_breakdown": {
      "habitat": [
        5.1,
        7.075,
        4.975,
        5.825,
        6.25
      ],
      "nature_tokens": 3.9,
      "wildlife": [
        16.725,
        8.775,
        10.35,
        9.3,
        16.275
      ]
    },
    "mean_score": 94.55,
    "min_score": 87.0,
    "percentiles": {
      "p10": 92.0,
      "p50": 94.0,
      "p90": 98.0
    },
    "seat_score_stddev": 2.800640952280343,
    "standard_error": 0.3492054473292826
  },
  "confidence_95": [
    -0.029584362544736523,
    0.17958436254473653
  ],
  "configuration": {
    "perfect-information-root-diverse-beam-compare": {
      "baseline_root_wildlife_candidates": 2,
      "beam_width": 16,
      "first_seed": 30700,
      "future_wildlife_candidates": 2,
      "games": 10,
      "output": "docs/v2/reports/perfect-information-root-diverse-beam-v1-t5-b16-rootw4-futurew2-pilot10.json",
      "policy_bear_candidates": 8,
      "policy_candidates": 8,
      "policy_habitat_candidates": 6,
      "policy_market_draws": 4,
      "terminal_turns": 5,
      "treatment_root_wildlife_candidates": 4
    }
  },
  "elapsed_seconds": 1499.251231709,
  "first_seed": 30700,
  "game_losses": 0,
  "game_ties": 8,
  "game_wins": 2,
  "games": 10,
  "mean_breakdown_delta": {
    "habitat": [
      -0.024999999999999467,
      0.09999999999999964,
      0.0,
      0.04999999999999982,
      -0.125
    ],
    "nature_tokens": 0.07500000000000018,
    "wildlife": [
      0.0,
      -0.22499999999999964,
      0.15000000000000036,
      0.25,
      -0.17499999999999716
    ]
  },
  "mean_paired_delta": 0.075,
  "paired_delta_stddev": 0.1687371394276382,
  "pairs": [
    {
      "baseline_mean": 92.5,
      "delta": 0.0,
      "seed": 30700,
      "treatment_mean": 92.5
    },
    {
      "baseline_mean": 94.75,
      "delta": 0.0,
      "seed": 30701,
      "treatment_mean": 94.75
    },
    {
      "baseline_mean": 96.25,
      "delta": 0.0,
      "seed": 30702,
      "treatment_mean": 96.25
    },
    {
      "baseline_mean": 93.75,
      "delta": 0.0,
      "seed": 30703,
      "treatment_mean": 93.75
    },
    {
      "baseline_mean": 94.5,
      "delta": 0.25,
      "seed": 30704,
      "treatment_mean": 94.75
    },
    {
      "baseline_mean": 94.5,
      "delta": 0.0,
      "seed": 30705,
      "treatment_mean": 94.5
    },
    {
      "baseline_mean": 94.5,
      "delta": 0.5,
      "seed": 30706,
      "treatment_mean": 95.0
    },
    {
      "baseline_mean": 94.5,
      "delta": 0.0,
      "seed": 30707,
      "treatment_mean": 94.5
    },
    {
      "baseline_mean": 96.25,
      "delta": 0.0,
      "seed": 30708,
      "treatment_mean": 96.25
    },
    {
      "baseline_mean": 94.0,
      "delta": 0.0,
      "seed": 30709,
      "treatment_mean": 94.0
    }
  ],
  "protocol_id": "cascadia-aaaaa-4p-base-v1",
  "provenance": {
    "command_argv": [
      "target/release/cascadia-v2",
      "perfect-information-root-diverse-beam-compare",
      "--games",
      "10",
      "--first-seed",
      "30700",
      "--beam-width",
      "16",
      "--terminal-turns",
      "5",
      "--baseline-root-wildlife-candidates",
      "2",
      "--treatment-root-wildlife-candidates",
      "4",
      "--future-wildlife-candidates",
      "2",
      "--output",
      "docs/v2/reports/perfect-information-root-diverse-beam-v1-t5-b16-rootw4-futurew2-pilot10.json"
    ],
    "created_unix_seconds": 1781234713,
    "executable": "/Users/johnherrick/cascadia/target/release/cascadia-v2",
    "executable_blake3": "a096e297808dd2bf304730ec3c1e20c43f8b3f48fbbef3e56c4c1e32fbdd4c33",
    "git_dirty": true,
    "git_revision": "a9918946f66c237a803b23ea299c6a514785ae52",
    "git_status_blake3": "040649573460f9e760e60a31f702c6b4fd2d529fbf4cde3f99f4959353a08d33",
    "hardware": {
      "architecture": "aarch64",
      "chip": "Apple M4",
      "logical_cpu_count": 10,
      "memory_bytes": "17179869184",
      "operating_system": "macOS 26.2"
    },
    "input_artifacts": [],
    "toolchain": {
      "cargo": "cargo 1.94.1 (29ea6fb6a 2026-03-24)",
      "package_version": "0.1.0",
      "rustc": "rustc 1.94.1 (e408947bf 2026-03-25)"
    },
    "v2_source_blake3": "e308d76cc7fe1365f13787c9409a4e8c78c029dbf9f3c5df01f3bd593b5f9924"
  },
  "report_schema_version": 1,
  "seat_games_per_strategy": 40,
  "standard_error": 0.053359368645273735,
  "treatment_breakdown": {
    "habitat": [
      5.075,
      7.175,
      4.975,
      5.875,
      6.125
    ],
    "nature_tokens": 3.975,
    "wildlife": [
      16.725,
      8.55,
      10.5,
      9.55,
      16.1
    ]
  },
  "treatment_decision_latency": {
    "decisions": 800,
    "max_milliseconds": 20757.833375000002,
    "mean_milliseconds": 992.5178303762508,
    "p50_milliseconds": 124.49520849999999,
    "p90_milliseconds": 3524.812417,
    "p99_milliseconds": 12936.43592517
  },
  "treatment_elapsed_seconds": 795.5744702530001,
  "treatment_id": "perfect-information-root-diverse-beam-v1-t5-b16-rootw4-futurew2-k8-h6-b8-m4",
  "treatment_mean": 94.625,
  "treatment_seconds_per_game": 79.55744702530001,
  "treatment_statistics": {
    "confidence_95": [
      93.93492874764027,
      95.31507125235973
    ],
    "decision_latency": {
      "decisions": 800,
      "max_milliseconds": 20757.833375000002,
      "mean_milliseconds": 992.5178303762508,
      "p50_milliseconds": 124.49520849999999,
      "p90_milliseconds": 3524.812417,
      "p99_milliseconds": 12936.43592517
    },
    "game_mean_stddev": 1.1133657679906155,
    "max_score": 101.0,
    "mean_breakdown": {
      "habitat": [
        5.075,
        7.175,
        4.975,
        5.875,
        6.125
      ],
      "nature_tokens": 3.975,
      "wildlife": [
        16.725,
        8.55,
        10.5,
        9.55,
        16.1
      ]
    },
    "mean_score": 94.625,
    "min_score": 87.0,
    "percentiles": {
      "p10": 92.0,
      "p50": 94.0,
      "p90": 98.0
    },
    "seat_score_stddev": 2.7798496546691336,
    "standard_error": 0.3520771695712934
  }
}
