{
  "baseline_breakdown": {
    "habitat": [
      5.875,
      6.725,
      5.025,
      5.525,
      6.125
    ],
    "nature_tokens": 3.975,
    "wildlife": [
      19.95,
      7.85,
      9.05,
      10.175,
      13.725
    ]
  },
  "baseline_decision_latency": {
    "decisions": 800,
    "max_milliseconds": 25222.871790999998,
    "mean_milliseconds": 803.7242724849998,
    "p50_milliseconds": 120.961625,
    "p90_milliseconds": 2576.7592503000005,
    "p99_milliseconds": 10034.214818829998
  },
  "baseline_elapsed_seconds": 644.5771307110001,
  "baseline_id": "perfect-information-focal-beam-v1-t5-b16-k8-h6-b8-w2-m4",
  "baseline_mean": 94.0,
  "baseline_seconds_per_game": 64.45771307110002,
  "baseline_statistics": {
    "confidence_95": [
      93.09944214819677,
      94.90055785180323
    ],
    "decision_latency": {
      "decisions": 800,
      "max_milliseconds": 25222.871790999998,
      "mean_milliseconds": 803.7242724849998,
      "p50_milliseconds": 120.961625,
      "p90_milliseconds": 2576.7592503000005,
      "p99_milliseconds": 10034.214818829998
    },
    "game_mean_stddev": 1.4529663145135578,
    "max_score": 100.0,
    "mean_breakdown": {
      "habitat": [
        5.875,
        6.725,
        5.025,
        5.525,
        6.125
      ],
      "nature_tokens": 3.975,
      "wildlife": [
        19.95,
        7.85,
        9.05,
        10.175,
        13.725
      ]
    },
    "mean_score": 94.0,
    "min_score": 88.0,
    "percentiles": {
      "p10": 90.0,
      "p50": 94.0,
      "p90": 96.1
    },
    "seat_score_stddev": 2.511511956509924,
    "standard_error": 0.4594682917363407
  },
  "confidence_95": [
    -2.4256236111104683,
    0.5756236111104682
  ],
  "configuration": {
    "perfect-information-focal-frontier-compare": {
      "baseline_wildlife_candidates": 2,
      "beam_width": 16,
      "first_seed": 30500,
      "games": 10,
      "output": "docs/v2/reports/perfect-information-focal-frontier-v1-t5-b16-w4-pilot10.json",
      "policy_bear_candidates": 8,
      "policy_candidates": 8,
      "policy_habitat_candidates": 6,
      "policy_market_draws": 4,
      "terminal_turns": 5,
      "treatment_wildlife_candidates": 4
    }
  },
  "elapsed_seconds": 1570.098186833,
  "first_seed": 30500,
  "game_losses": 6,
  "game_ties": 0,
  "game_wins": 4,
  "games": 10,
  "mean_breakdown_delta": {
    "habitat": [
      -0.5499999999999998,
      -0.5749999999999993,
      0.625,
      -0.40000000000000036,
      0.5
    ],
    "nature_tokens": 0.02499999999999991,
    "wildlife": [
      -1.25,
      -0.5,
      -0.27500000000000036,
      0.049999999999998934,
      1.4250000000000007
    ]
  },
  "mean_paired_delta": -0.925,
  "paired_delta_stddev": 2.4211165927223655,
  "pairs": [
    {
      "baseline_mean": 93.0,
      "delta": 0.25,
      "seed": 30500,
      "treatment_mean": 93.25
    },
    {
      "baseline_mean": 94.25,
      "delta": -4.0,
      "seed": 30501,
      "treatment_mean": 90.25
    },
    {
      "baseline_mean": 94.5,
      "delta": -0.5,
      "seed": 30502,
      "treatment_mean": 94.0
    },
    {
      "baseline_mean": 95.25,
      "delta": -2.75,
      "seed": 30503,
      "treatment_mean": 92.5
    },
    {
      "baseline_mean": 94.75,
      "delta": -1.75,
      "seed": 30504,
      "treatment_mean": 93.0
    },
    {
      "baseline_mean": 96.5,
      "delta": -4.0,
      "seed": 30505,
      "treatment_mean": 92.5
    },
    {
      "baseline_mean": 94.5,
      "delta": -2.5,
      "seed": 30506,
      "treatment_mean": 92.0
    },
    {
      "baseline_mean": 93.25,
      "delta": 2.25,
      "seed": 30507,
      "treatment_mean": 95.5
    },
    {
      "baseline_mean": 92.5,
      "delta": 1.75,
      "seed": 30508,
      "treatment_mean": 94.25
    },
    {
      "baseline_mean": 91.5,
      "delta": 2.0,
      "seed": 30509,
      "treatment_mean": 93.5
    }
  ],
  "protocol_id": "cascadia-aaaaa-4p-base-v1",
  "provenance": {
    "command_argv": [
      "target/release/cascadia-v2",
      "perfect-information-focal-frontier-compare",
      "--games",
      "10",
      "--first-seed",
      "30500",
      "--beam-width",
      "16",
      "--terminal-turns",
      "5",
      "--baseline-wildlife-candidates",
      "2",
      "--treatment-wildlife-candidates",
      "4",
      "--output",
      "docs/v2/reports/perfect-information-focal-frontier-v1-t5-b16-w4-pilot10.json"
    ],
    "created_unix_seconds": 1781232638,
    "executable": "/Users/johnherrick/cascadia/target/release/cascadia-v2",
    "executable_blake3": "3ed2c68fcbdcc4b2d1fa6ef09b9260177efe0b478786191c35a868c546e29cb9",
    "git_dirty": true,
    "git_revision": "a9918946f66c237a803b23ea299c6a514785ae52",
    "git_status_blake3": "040649573460f9e760e60a31f702c6b4fd2d529fbf4cde3f99f4959353a08d33",
    "hardware": {
      "architecture": "aarch64",
      "chip": "Apple M4",
      "logical_cpu_count": 10,
      "memory_bytes": "17179869184",
      "operating_system": "macOS 26.2"
    },
    "input_artifacts": [],
    "toolchain": {
      "cargo": "cargo 1.94.1 (29ea6fb6a 2026-03-24)",
      "package_version": "0.1.0",
      "rustc": "rustc 1.94.1 (e408947bf 2026-03-25)"
    },
    "v2_source_blake3": "267989f90e3696a5ee69c207eada7df2baea8a9d4e0469c325c0aacdaf761150"
  },
  "report_schema_version": 1,
  "seat_games_per_strategy": 40,
  "standard_error": 0.765624291382892,
  "treatment_breakdown": {
    "habitat": [
      5.325,
      6.15,
      5.65,
      5.125,
      6.625
    ],
    "nature_tokens": 4.0,
    "wildlife": [
      18.7,
      7.35,
      8.775,
      10.225,
      15.15
    ]
  },
  "treatment_decision_latency": {
    "decisions": 800,
    "max_milliseconds": 19982.288958,
    "mean_milliseconds": 1155.025829399999,
    "p50_milliseconds": 143.4764795,
    "p90_milliseconds": 3402.9511413000027,
    "p99_milliseconds": 14942.939995329996
  },
  "treatment_elapsed_seconds": 925.520756754,
  "treatment_id": "perfect-information-focal-beam-v1-t5-b16-k8-h6-b8-w4-m4",
  "treatment_mean": 93.075,
  "treatment_seconds_per_game": 92.5520756754,
  "treatment_statistics": {
    "confidence_95": [
      92.19527144337965,
      93.95472855662035
    ],
    "decision_latency": {
      "decisions": 800,
      "max_milliseconds": 19982.288958,
      "mean_milliseconds": 1155.025829399999,
      "p50_milliseconds": 143.4764795,
      "p90_milliseconds": 3402.9511413000027,
      "p99_milliseconds": 14942.939995329996
    },
    "game_mean_stddev": 1.4193601844962869,
    "max_score": 98.0,
    "mean_breakdown": {
      "habitat": [
        5.325,
        6.15,
        5.65,
        5.125,
        6.625
      ],
      "nature_tokens": 4.0,
      "wildlife": [
        18.7,
        7.35,
        8.775,
        10.225,
        15.15
      ]
    },
    "mean_score": 93.075,
    "min_score": 88.0,
    "percentiles": {
      "p10": 88.9,
      "p50": 93.5,
      "p90": 96.0
    },
    "seat_score_stddev": 2.9210772512366576,
    "standard_error": 0.4488411003165077
  }
}
