{
  "baseline_breakdown": {
    "habitat": [
      5.75,
      6.425,
      5.3,
      5.525,
      6.325
    ],
    "nature_tokens": 3.25,
    "wildlife": [
      17.025,
      8.95,
      12.3,
      8.325,
      13.45
    ]
  },
  "baseline_decision_latency": {
    "decisions": 800,
    "max_milliseconds": 723.3295830000001,
    "mean_milliseconds": 161.7075499375001,
    "p50_milliseconds": 149.79704149999998,
    "p90_milliseconds": 300.51980390000006,
    "p99_milliseconds": 435.83886258999996
  },
  "baseline_elapsed_seconds": 132.50801008399998,
  "baseline_id": "perfect-information-pattern-oracle-v1-k8-h6-b8-m4",
  "baseline_mean": 92.625,
  "baseline_seconds_per_game": 13.250801008399998,
  "baseline_statistics": {
    "confidence_95": [
      91.86853563644192,
      93.38146436355808
    ],
    "decision_latency": {
      "decisions": 800,
      "max_milliseconds": 723.3295830000001,
      "mean_milliseconds": 161.7075499375001,
      "p50_milliseconds": 149.79704149999998,
      "p90_milliseconds": 300.51980390000006,
      "p99_milliseconds": 435.83886258999996
    },
    "game_mean_stddev": 1.2204848763230673,
    "max_score": 98.0,
    "mean_breakdown": {
      "habitat": [
        5.75,
        6.425,
        5.3,
        5.525,
        6.325
      ],
      "nature_tokens": 3.25,
      "wildlife": [
        17.025,
        8.95,
        12.3,
        8.325,
        13.45
      ]
    },
    "mean_score": 92.625,
    "min_score": 86.0,
    "percentiles": {
      "p10": 88.0,
      "p50": 93.0,
      "p90": 97.0
    },
    "seat_score_stddev": 3.1920373688449457,
    "standard_error": 0.3859512058969803
  },
  "confidence_95": [
    0.7040584821793505,
    1.9959415178206497
  ],
  "configuration": {
    "perfect-information-oracle-frontier-compare": {
      "first_seed": 29100,
      "games": 10,
      "output": "docs/v2/reports/perfect-information-diverse-frontier-v1-pilot10.json",
      "policy_bear_candidates": 8,
      "policy_candidates": 8,
      "policy_habitat_candidates": 6,
      "policy_market_draws": 4,
      "wildlife_candidates": 2
    }
  },
  "elapsed_seconds": 286.997009041,
  "first_seed": 29100,
  "game_losses": 1,
  "game_ties": 0,
  "game_wins": 9,
  "games": 10,
  "mean_breakdown_delta": {
    "habitat": [
      -0.375,
      -0.2999999999999998,
      -0.375,
      0.4249999999999998,
      0.125
    ],
    "nature_tokens": 0.6000000000000001,
    "wildlife": [
      -0.04999999999999716,
      -0.4499999999999993,
      0.29999999999999893,
      -0.3249999999999993,
      1.7750000000000004
    ]
  },
  "mean_paired_delta": 1.35,
  "paired_delta_stddev": 1.0421665467242323,
  "pairs": [
    {
      "baseline_mean": 92.0,
      "delta": 1.25,
      "seed": 29100,
      "treatment_mean": 93.25
    },
    {
      "baseline_mean": 93.0,
      "delta": 1.75,
      "seed": 29101,
      "treatment_mean": 94.75
    },
    {
      "baseline_mean": 91.25,
      "delta": 1.75,
      "seed": 29102,
      "treatment_mean": 93.0
    },
    {
      "baseline_mean": 92.75,
      "delta": 2.75,
      "seed": 29103,
      "treatment_mean": 95.5
    },
    {
      "baseline_mean": 92.5,
      "delta": 1.75,
      "seed": 29104,
      "treatment_mean": 94.25
    },
    {
      "baseline_mean": 92.75,
      "delta": 1.75,
      "seed": 29105,
      "treatment_mean": 94.5
    },
    {
      "baseline_mean": 94.25,
      "delta": 0.75,
      "seed": 29106,
      "treatment_mean": 95.0
    },
    {
      "baseline_mean": 90.25,
      "delta": -1.25,
      "seed": 29107,
      "treatment_mean": 89.0
    },
    {
      "baseline_mean": 93.5,
      "delta": 1.5,
      "seed": 29108,
      "treatment_mean": 95.0
    },
    {
      "baseline_mean": 94.0,
      "delta": 1.5,
      "seed": 29109,
      "treatment_mean": 95.5
    }
  ],
  "protocol_id": "cascadia-aaaaa-4p-base-v1",
  "provenance": {
    "command_argv": [
      "target/release/cascadia-v2",
      "perfect-information-oracle-frontier-compare",
      "--games",
      "10",
      "--first-seed",
      "29100",
      "--wildlife-candidates",
      "2",
      "--output",
      "docs/v2/reports/perfect-information-diverse-frontier-v1-pilot10.json"
    ],
    "created_unix_seconds": 1781224836,
    "executable": "/Users/johnherrick/cascadia/target/release/cascadia-v2",
    "executable_blake3": "c4e01eb45123b8cb8542fbf2c0e2013f7d2eedfa48eb93274dbb77fde443c1a0",
    "git_dirty": true,
    "git_revision": "a9918946f66c237a803b23ea299c6a514785ae52",
    "git_status_blake3": "040649573460f9e760e60a31f702c6b4fd2d529fbf4cde3f99f4959353a08d33",
    "hardware": {
      "architecture": "aarch64",
      "chip": "Apple M4",
      "logical_cpu_count": 10,
      "memory_bytes": "17179869184",
      "operating_system": "macOS 26.2"
    },
    "input_artifacts": [],
    "toolchain": {
      "cargo": "cargo 1.94.1 (29ea6fb6a 2026-03-24)",
      "package_version": "0.1.0",
      "rustc": "rustc 1.94.1 (e408947bf 2026-03-25)"
    },
    "v2_source_blake3": "2ef0b5b256f50309a52f9220ca7e6a5cff287b63f06fe939cdc81f4137c9b01b"
  },
  "report_schema_version": 1,
  "seat_games_per_strategy": 40,
  "standard_error": 0.3295619988880865,
  "treatment_breakdown": {
    "habitat": [
      5.375,
      6.125,
      4.925,
      5.95,
      6.45
    ],
    "nature_tokens": 3.85,
    "wildlife": [
      16.975,
      8.5,
      12.6,
      8.0,
      15.225
    ]
  },
  "treatment_decision_latency": {
    "decisions": 800,
    "max_milliseconds": 629.237709,
    "mean_milliseconds": 189.0803498949999,
    "p50_milliseconds": 181.2222085,
    "p90_milliseconds": 337.53217500000005,
    "p99_milliseconds": 497.4764484199999
  },
  "treatment_elapsed_seconds": 154.488612796,
  "treatment_id": "perfect-information-pattern-oracle-v1-k8-h6-b8-w2-m4",
  "treatment_mean": 93.975,
  "treatment_seconds_per_game": 15.4488612796,
  "treatment_statistics": {
    "confidence_95": [
      92.77153144804046,
      95.17846855195953
    ],
    "decision_latency": {
      "decisions": 800,
      "max_milliseconds": 629.237709,
      "mean_milliseconds": 189.0803498949999,
      "p50_milliseconds": 181.2222085,
      "p90_milliseconds": 337.53217500000005,
      "p99_milliseconds": 497.4764484199999
    },
    "game_mean_stddev": 1.9416845492738743,
    "max_score": 102.0,
    "mean_breakdown": {
      "habitat": [
        5.375,
        6.125,
        4.925,
        5.95,
        6.45
      ],
      "nature_tokens": 3.85,
      "wildlife": [
        16.975,
        8.5,
        12.6,
        8.0,
        15.225
      ]
    },
    "mean_score": 93.975,
    "min_score": 84.0,
    "percentiles": {
      "p10": 90.9,
      "p50": 94.0,
      "p90": 98.1
    },
    "seat_score_stddev": 3.738143650091306,
    "standard_error": 0.6140145673262881
  }
}
