{
  "baseline_breakdown": {
    "habitat": [
      5.675,
      5.9,
      5.55,
      5.825,
      5.725
    ],
    "nature_tokens": 3.575,
    "wildlife": [
      18.65,
      6.675,
      12.3,
      9.125,
      13.9
    ]
  },
  "baseline_decision_latency": {
    "decisions": 800,
    "max_milliseconds": 1097.4381660000001,
    "mean_milliseconds": 132.76515214375004,
    "p50_milliseconds": 126.1923335,
    "p90_milliseconds": 224.41929530000004,
    "p99_milliseconds": 488.2754938399999
  },
  "baseline_elapsed_seconds": 108.141740876,
  "baseline_id": "perfect-information-pattern-oracle-v1-k8-h6-b8-w2-m4",
  "baseline_mean": 92.9,
  "baseline_seconds_per_game": 10.8141740876,
  "baseline_statistics": {
    "confidence_95": [
      92.24178490513275,
      93.55821509486726
    ],
    "decision_latency": {
      "decisions": 800,
      "max_milliseconds": 1097.4381660000001,
      "mean_milliseconds": 132.76515214375004,
      "p50_milliseconds": 126.1923335,
      "p90_milliseconds": 224.41929530000004,
      "p99_milliseconds": 488.2754938399999
    },
    "game_mean_stddev": 1.0619688214715992,
    "max_score": 99.0,
    "mean_breakdown": {
      "habitat": [
        5.675,
        5.9,
        5.55,
        5.825,
        5.725
      ],
      "nature_tokens": 3.575,
      "wildlife": [
        18.65,
        6.675,
        12.3,
        9.125,
        13.9
      ]
    },
    "mean_score": 92.9,
    "min_score": 85.0,
    "percentiles": {
      "p10": 88.0,
      "p50": 93.0,
      "p90": 97.0
    },
    "seat_score_stddev": 3.311208625880066,
    "standard_error": 0.335824027993498
  },
  "confidence_95": [
    0.39968902703772213,
    1.1003109729622778
  ],
  "configuration": {
    "perfect-information-focal-beam-compare": {
      "beam_width": 16,
      "first_seed": 29600,
      "games": 10,
      "output": "docs/v2/reports/perfect-information-focal-beam-v1-t5-b16-w2-pilot10.json",
      "policy_bear_candidates": 8,
      "policy_candidates": 8,
      "policy_habitat_candidates": 6,
      "policy_market_draws": 4,
      "terminal_turns": 5,
      "wildlife_candidates": 2
    }
  },
  "elapsed_seconds": 1001.200761416,
  "first_seed": 29600,
  "game_losses": 0,
  "game_ties": 1,
  "game_wins": 9,
  "games": 10,
  "mean_breakdown_delta": {
    "habitat": [
      -0.22499999999999964,
      0.1999999999999993,
      -0.22499999999999964,
      0.25,
      0.25
    ],
    "nature_tokens": 0.32499999999999973,
    "wildlife": [
      0.40000000000000213,
      0.6749999999999998,
      -0.7750000000000004,
      0.3249999999999993,
      -0.45000000000000107
    ]
  },
  "mean_paired_delta": 0.75,
  "paired_delta_stddev": 0.565194165260439,
  "pairs": [
    {
      "baseline_mean": 91.75,
      "delta": 1.25,
      "seed": 29600,
      "treatment_mean": 93.0
    },
    {
      "baseline_mean": 93.25,
      "delta": 0.0,
      "seed": 29601,
      "treatment_mean": 93.25
    },
    {
      "baseline_mean": 92.5,
      "delta": 0.5,
      "seed": 29602,
      "treatment_mean": 93.0
    },
    {
      "baseline_mean": 92.5,
      "delta": 1.5,
      "seed": 29603,
      "treatment_mean": 94.0
    },
    {
      "baseline_mean": 91.5,
      "delta": 0.5,
      "seed": 29604,
      "treatment_mean": 92.0
    },
    {
      "baseline_mean": 93.25,
      "delta": 1.25,
      "seed": 29605,
      "treatment_mean": 94.5
    },
    {
      "baseline_mean": 94.75,
      "delta": 0.25,
      "seed": 29606,
      "treatment_mean": 95.0
    },
    {
      "baseline_mean": 94.5,
      "delta": 0.25,
      "seed": 29607,
      "treatment_mean": 94.75
    },
    {
      "baseline_mean": 92.5,
      "delta": 0.5,
      "seed": 29608,
      "treatment_mean": 93.0
    },
    {
      "baseline_mean": 92.5,
      "delta": 1.5,
      "seed": 29609,
      "treatment_mean": 94.0
    }
  ],
  "protocol_id": "cascadia-aaaaa-4p-base-v1",
  "provenance": {
    "command_argv": [
      "target/release/cascadia-v2",
      "perfect-information-focal-beam-compare",
      "--games",
      "10",
      "--first-seed",
      "29600",
      "--beam-width",
      "16",
      "--terminal-turns",
      "5",
      "--wildlife-candidates",
      "2",
      "--output",
      "docs/v2/reports/perfect-information-focal-beam-v1-t5-b16-w2-pilot10.json"
    ],
    "created_unix_seconds": 1781226574,
    "executable": "/Users/johnherrick/cascadia/target/release/cascadia-v2",
    "executable_blake3": "00e617be37ab4cff9b8b8d5efb0e0ed8f1327880a632dabe22409d9af0e4a96a",
    "git_dirty": true,
    "git_revision": "a9918946f66c237a803b23ea299c6a514785ae52",
    "git_status_blake3": "040649573460f9e760e60a31f702c6b4fd2d529fbf4cde3f99f4959353a08d33",
    "hardware": {
      "architecture": "aarch64",
      "chip": "Apple M4",
      "logical_cpu_count": 10,
      "memory_bytes": "17179869184",
      "operating_system": "macOS 26.2"
    },
    "input_artifacts": [],
    "toolchain": {
      "cargo": "cargo 1.94.1 (29ea6fb6a 2026-03-24)",
      "package_version": "0.1.0",
      "rustc": "rustc 1.94.1 (e408947bf 2026-03-25)"
    },
    "v2_source_blake3": "9a2ac488021a979609cc7396c4d9418810b3cedf9b679c32aa0d9cd53952e6c5"
  },
  "report_schema_version": 1,
  "seat_games_per_strategy": 40,
  "standard_error": 0.17873008824606013,
  "treatment_breakdown": {
    "habitat": [
      5.45,
      6.1,
      5.325,
      6.075,
      5.975
    ],
    "nature_tokens": 3.9,
    "wildlife": [
      19.05,
      7.35,
      11.525,
      9.45,
      13.45
    ]
  },
  "treatment_decision_latency": {
    "decisions": 800,
    "max_milliseconds": 36269.759084,
    "mean_milliseconds": 1113.7475368925004,
    "p50_milliseconds": 148.86066649999998,
    "p90_milliseconds": 3252.1731750000004,
    "p99_milliseconds": 14261.729103829997
  },
  "treatment_elapsed_seconds": 893.058752875,
  "treatment_id": "perfect-information-focal-beam-v1-t5-b16-k8-h6-b8-w2-m4",
  "treatment_mean": 93.65,
  "treatment_seconds_per_game": 89.3058752875,
  "treatment_statistics": {
    "confidence_95": [
      93.0601879772146,
      94.23981202278542
    ],
    "decision_latency": {
      "decisions": 800,
      "max_milliseconds": 36269.759084,
      "mean_milliseconds": 1113.7475368925004,
      "p50_milliseconds": 148.86066649999998,
      "p90_milliseconds": 3252.1731750000004,
      "p99_milliseconds": 14261.729103829997
    },
    "game_mean_stddev": 0.9516068282413465,
    "max_score": 99.0,
    "mean_breakdown": {
      "habitat": [
        5.45,
        6.1,
        5.325,
        6.075,
        5.975
      ],
      "nature_tokens": 3.9,
      "wildlife": [
        19.05,
        7.35,
        11.525,
        9.45,
        13.45
      ]
    },
    "mean_score": 93.65,
    "min_score": 87.0,
    "percentiles": {
      "p10": 89.89999999999999,
      "p50": 94.0,
      "p90": 97.0
    },
    "seat_score_stddev": 2.939998255712025,
    "standard_error": 0.30092450142112975
  }
}
