{
  "baseline_breakdown": {
    "habitat": [
      5.775,
      5.65,
      5.75,
      6.175,
      5.65
    ],
    "nature_tokens": 3.975,
    "wildlife": [
      8.125,
      12.05,
      13.05,
      12.075,
      14.65
    ]
  },
  "baseline_decision_latency": {
    "decisions": 800,
    "max_milliseconds": 1615.078958,
    "mean_milliseconds": 74.24393969000002,
    "p50_milliseconds": 0.9226875,
    "p90_milliseconds": 270.30680810000007,
    "p99_milliseconds": 854.3821704199993
  },
  "baseline_elapsed_seconds": 59.400878875,
  "baseline_id": "late-conservative-base-policy-improvement-v1-t5-r8-k8-h6-b8-m4-c90",
  "baseline_mean": 92.925,
  "baseline_seconds_per_game": 5.9400878875,
  "baseline_statistics": {
    "confidence_95": [
      91.3651025318595,
      94.48489746814049
    ],
    "decision_latency": {
      "decisions": 800,
      "max_milliseconds": 1615.078958,
      "mean_milliseconds": 74.24393969000002,
      "p50_milliseconds": 0.9226875,
      "p90_milliseconds": 270.30680810000007,
      "p99_milliseconds": 854.3821704199993
    },
    "game_mean_stddev": 2.516749446762188,
    "max_score": 100.0,
    "mean_breakdown": {
      "habitat": [
        5.775,
        5.65,
        5.75,
        6.175,
        5.65
      ],
      "nature_tokens": 3.975,
      "wildlife": [
        8.125,
        12.05,
        13.05,
        12.075,
        14.65
      ]
    },
    "mean_score": 92.925,
    "min_score": 87.0,
    "percentiles": {
      "p10": 89.0,
      "p50": 93.0,
      "p90": 97.10000000000001
    },
    "seat_score_stddev": 3.2375006187505595,
    "standard_error": 0.7958660551737194
  },
  "confidence_95": [
    -0.5652721466469187,
    0.4152721466469187
  ],
  "configuration": {
    "public-focal-beam-compare": {
      "beam_width": 4,
      "determinizations": 4,
      "first_seed": 29800,
      "games": 10,
      "output": "docs/v2/reports/public-focal-beam-teacher-v1-t5-r4-b4-w2-c90-pilot10.json",
      "policy_bear_candidates": 8,
      "policy_candidates": 8,
      "policy_habitat_candidates": 6,
      "policy_market_draws": 4,
      "sequential": true,
      "terminal_turns": 5,
      "wildlife_candidates": 2
    }
  },
  "elapsed_seconds": 1202.522003375,
  "first_seed": 29800,
  "game_losses": 3,
  "game_ties": 2,
  "game_wins": 5,
  "games": 10,
  "mean_breakdown_delta": {
    "habitat": [
      -0.10000000000000053,
      0.17499999999999982,
      0.025000000000000355,
      -0.20000000000000018,
      0.14999999999999947
    ],
    "nature_tokens": -0.10000000000000009,
    "wildlife": [
      0.47499999999999964,
      -0.45000000000000107,
      -0.15000000000000036,
      0.0,
      0.09999999999999964
    ]
  },
  "mean_paired_delta": -0.075,
  "paired_delta_stddev": 0.7910084983389524,
  "pairs": [
    {
      "baseline_mean": 92.0,
      "delta": -1.5,
      "seed": 29800,
      "treatment_mean": 90.5
    },
    {
      "baseline_mean": 91.75,
      "delta": 0.5,
      "seed": 29801,
      "treatment_mean": 92.25
    },
    {
      "baseline_mean": 89.5,
      "delta": 0.25,
      "seed": 29802,
      "treatment_mean": 89.75
    },
    {
      "baseline_mean": 90.25,
      "delta": 1.0,
      "seed": 29803,
      "treatment_mean": 91.25
    },
    {
      "baseline_mean": 97.0,
      "delta": -0.5,
      "seed": 29804,
      "treatment_mean": 96.5
    },
    {
      "baseline_mean": 93.75,
      "delta": -1.25,
      "seed": 29805,
      "treatment_mean": 92.5
    },
    {
      "baseline_mean": 93.0,
      "delta": 0.0,
      "seed": 29806,
      "treatment_mean": 93.0
    },
    {
      "baseline_mean": 94.0,
      "delta": 0.0,
      "seed": 29807,
      "treatment_mean": 94.0
    },
    {
      "baseline_mean": 96.75,
      "delta": 0.5,
      "seed": 29808,
      "treatment_mean": 97.25
    },
    {
      "baseline_mean": 91.25,
      "delta": 0.25,
      "seed": 29809,
      "treatment_mean": 91.5
    }
  ],
  "protocol_id": "cascadia-aaaaa-4p-base-v1",
  "provenance": {
    "command_argv": [
      "target/release/cascadia-v2",
      "public-focal-beam-compare",
      "--games",
      "10",
      "--first-seed",
      "29800",
      "--terminal-turns",
      "5",
      "--determinizations",
      "4",
      "--beam-width",
      "4",
      "--wildlife-candidates",
      "2",
      "--sequential",
      "--output",
      "docs/v2/reports/public-focal-beam-teacher-v1-t5-r4-b4-w2-c90-pilot10.json"
    ],
    "created_unix_seconds": 1781228016,
    "executable": "/Users/johnherrick/cascadia/target/release/cascadia-v2",
    "executable_blake3": "cf6d28f194dbdf7d733bb2e40ab61d29d1a1898a16a02d70dfc9e70246ff14ed",
    "git_dirty": true,
    "git_revision": "a9918946f66c237a803b23ea299c6a514785ae52",
    "git_status_blake3": "040649573460f9e760e60a31f702c6b4fd2d529fbf4cde3f99f4959353a08d33",
    "hardware": {
      "architecture": "aarch64",
      "chip": "Apple M4",
      "logical_cpu_count": 10,
      "memory_bytes": "17179869184",
      "operating_system": "macOS 26.2"
    },
    "input_artifacts": [],
    "toolchain": {
      "cargo": "cargo 1.94.1 (29ea6fb6a 2026-03-24)",
      "package_version": "0.1.0",
      "rustc": "rustc 1.94.1 (e408947bf 2026-03-25)"
    },
    "v2_source_blake3": "2b3c0fd6dda8aac73eff734a8c022ffe3e1a16653334d85bc3189ed25d080670"
  },
  "report_schema_version": 1,
  "seat_games_per_strategy": 40,
  "standard_error": 0.25013885033006056,
  "treatment_breakdown": {
    "habitat": [
      5.675,
      5.825,
      5.775,
      5.975,
      5.8
    ],
    "nature_tokens": 3.875,
    "wildlife": [
      8.6,
      11.6,
      12.9,
      12.075,
      14.75
    ]
  },
  "treatment_decision_latency": {
    "decisions": 800,
    "max_milliseconds": 39864.729542,
    "mean_milliseconds": 1428.893481996249,
    "p50_milliseconds": 0.99325,
    "p90_milliseconds": 4919.807250300007,
    "p99_milliseconds": 20286.630500589996
  },
  "treatment_elapsed_seconds": 1143.1210490830001,
  "treatment_id": "late-conservative-focal-beam-v1-t5-r4-b4-k8-h6-b8-w2-m4-c90",
  "treatment_mean": 92.85,
  "treatment_seconds_per_game": 114.31210490830001,
  "treatment_statistics": {
    "confidence_95": [
      91.33143913157518,
      94.36856086842481
    ],
    "decision_latency": {
      "decisions": 800,
      "max_milliseconds": 39864.729542,
      "mean_milliseconds": 1428.893481996249,
      "p50_milliseconds": 0.99325,
      "p90_milliseconds": 4919.807250300007,
      "p99_milliseconds": 20286.630500589996
    },
    "game_mean_stddev": 2.450056688686565,
    "max_score": 100.0,
    "mean_breakdown": {
      "habitat": [
        5.675,
        5.825,
        5.775,
        5.975,
        5.8
      ],
      "nature_tokens": 3.875,
      "wildlife": [
        8.6,
        11.6,
        12.9,
        12.075,
        14.75
      ]
    },
    "mean_score": 92.85,
    "min_score": 85.0,
    "percentiles": {
      "p10": 89.0,
      "p50": 93.0,
      "p90": 97.10000000000001
    },
    "seat_score_stddev": 3.519542511062976,
    "standard_error": 0.7747759532779638
  }
}
