{
  "baseline_breakdown": {
    "habitat": [
      5.5,
      6.333333333333333,
      5.25,
      6.0,
      6.583333333333333
    ],
    "nature_tokens": 3.5,
    "wildlife": [
      9.0,
      12.083333333333334,
      12.166666666666666,
      12.166666666666666,
      13.916666666666666
    ]
  },
  "baseline_decision_latency": {
    "decisions": 240,
    "max_milliseconds": 444.130959,
    "mean_milliseconds": 41.70180604583332,
    "p50_milliseconds": 0.548125,
    "p90_milliseconds": 176.57565390000002,
    "p99_milliseconds": 408.85424512999987
  },
  "baseline_elapsed_seconds": 10.00971075,
  "baseline_id": "late-conservative-base-policy-improvement-v1-t5-r8-k8-h6-b8-m4-c90",
  "baseline_mean": 92.5,
  "baseline_seconds_per_game": 3.33657025,
  "baseline_statistics": {
    "confidence_95": [
      92.01,
      92.99
    ],
    "decision_latency": {
      "decisions": 240,
      "max_milliseconds": 444.130959,
      "mean_milliseconds": 41.70180604583332,
      "p50_milliseconds": 0.548125,
      "p90_milliseconds": 176.57565390000002,
      "p99_milliseconds": 408.85424512999987
    },
    "game_mean_stddev": 0.4330127018922193,
    "max_score": 97.0,
    "mean_breakdown": {
      "habitat": [
        5.5,
        6.333333333333333,
        5.25,
        6.0,
        6.583333333333333
      ],
      "nature_tokens": 3.5,
      "wildlife": [
        9.0,
        12.083333333333334,
        12.166666666666666,
        12.166666666666666,
        13.916666666666666
      ]
    },
    "mean_score": 92.5,
    "min_score": 86.0,
    "percentiles": {
      "p10": 90.0,
      "p50": 93.0,
      "p90": 96.0
    },
    "seat_score_stddev": 3.3166247903554,
    "standard_error": 0.25
  },
  "confidence_95": [
    -0.9866666666666668,
    0.3200000000000001
  ],
  "configuration": {
    "public-focal-beam-compare": {
      "beam_width": 16,
      "determinizations": 8,
      "first_seed": 31200,
      "games": 3,
      "output": "docs/v2/reports/public-focal-beam-oracle-v2-t5-r8-b16-w2-c90-qualification3.json",
      "policy_bear_candidates": 8,
      "policy_candidates": 8,
      "policy_habitat_candidates": 6,
      "policy_market_draws": 4,
      "sequential": true,
      "terminal_turns": 5,
      "wildlife_candidates": 2
    }
  },
  "elapsed_seconds": 610.437688417,
  "first_seed": 31200,
  "game_losses": 1,
  "game_ties": 2,
  "game_wins": 0,
  "games": 3,
  "mean_breakdown_delta": {
    "habitat": [
      0.25,
      -0.08333333333333304,
      -0.16666666666666696,
      0.08333333333333304,
      -0.4166666666666661
    ],
    "nature_tokens": 0.5,
    "wildlife": [
      0.6666666666666661,
      0.4166666666666661,
      -0.33333333333333215,
      -0.33333333333333215,
      -0.9166666666666661
    ]
  },
  "mean_paired_delta": -0.3333333333333333,
  "paired_delta_stddev": 0.5773502691896258,
  "pairs": [
    {
      "baseline_mean": 92.25,
      "delta": 0.0,
      "seed": 31200,
      "treatment_mean": 92.25
    },
    {
      "baseline_mean": 92.25,
      "delta": 0.0,
      "seed": 31201,
      "treatment_mean": 92.25
    },
    {
      "baseline_mean": 93.0,
      "delta": -1.0,
      "seed": 31202,
      "treatment_mean": 92.0
    }
  ],
  "protocol_id": "cascadia-aaaaa-4p-base-v1",
  "provenance": {
    "command_argv": [
      "target/release/cascadia-v2",
      "public-focal-beam-compare",
      "--games",
      "3",
      "--first-seed",
      "31200",
      "--terminal-turns",
      "5",
      "--determinizations",
      "8",
      "--beam-width",
      "16",
      "--wildlife-candidates",
      "2",
      "--sequential",
      "--output",
      "docs/v2/reports/public-focal-beam-oracle-v2-t5-r8-b16-w2-c90-qualification3.json"
    ],
    "created_unix_seconds": 1781263948,
    "executable": "/Users/johnherrick/cascadia/target/release/cascadia-v2",
    "executable_blake3": "8c4c560aa6372fd26630fa0aaec12c5de81b01c39c971f0865d84bdd8e18b0b5",
    "git_dirty": true,
    "git_revision": "a9918946f66c237a803b23ea299c6a514785ae52",
    "git_status_blake3": "040649573460f9e760e60a31f702c6b4fd2d529fbf4cde3f99f4959353a08d33",
    "hardware": {
      "architecture": "aarch64",
      "chip": "Apple M4",
      "logical_cpu_count": 10,
      "memory_bytes": "17179869184",
      "operating_system": "macOS 26.2"
    },
    "input_artifacts": [],
    "toolchain": {
      "cargo": "cargo 1.94.1 (29ea6fb6a 2026-03-24)",
      "package_version": "0.1.0",
      "rustc": "rustc 1.94.1 (e408947bf 2026-03-25)"
    },
    "v2_source_blake3": "4c034c1bcfb2391722b94c240b663d67cfe5d9c3cb4f73884965cf1b7e281bc1"
  },
  "report_schema_version": 1,
  "seat_games_per_strategy": 12,
  "standard_error": 0.33333333333333337,
  "treatment_breakdown": {
    "habitat": [
      5.75,
      6.25,
      5.083333333333333,
      6.083333333333333,
      6.166666666666667
    ],
    "nature_tokens": 4.0,
    "wildlife": [
      9.666666666666666,
      12.5,
      11.833333333333334,
      11.833333333333334,
      13.0
    ]
  },
  "treatment_decision_latency": {
    "decisions": 240,
    "max_milliseconds": 43701.832208,
    "mean_milliseconds": 2501.777229166667,
    "p50_milliseconds": 0.552229,
    "p90_milliseconds": 8291.952541699997,
    "p99_milliseconds": 34879.89337574994
  },
  "treatment_elapsed_seconds": 600.427956334,
  "treatment_id": "late-conservative-focal-beam-v1-t5-r8-b16-k8-h6-b8-w2-m4-c90",
  "treatment_mean": 92.16666666666667,
  "treatment_seconds_per_game": 200.14265211133332,
  "treatment_statistics": {
    "confidence_95": [
      92.00333333333334,
      92.33
    ],
    "decision_latency": {
      "decisions": 240,
      "max_milliseconds": 43701.832208,
      "mean_milliseconds": 2501.777229166667,
      "p50_milliseconds": 0.552229,
      "p90_milliseconds": 8291.952541699997,
      "p99_milliseconds": 34879.89337574994
    },
    "game_mean_stddev": 0.14433756729740646,
    "max_score": 97.0,
    "mean_breakdown": {
      "habitat": [
        5.75,
        6.25,
        5.083333333333333,
        6.083333333333333,
        6.166666666666667
      ],
      "nature_tokens": 4.0,
      "wildlife": [
        9.666666666666666,
        12.5,
        11.833333333333334,
        11.833333333333334,
        13.0
      ]
    },
    "mean_score": 92.16666666666667,
    "min_score": 86.0,
    "percentiles": {
      "p10": 87.0,
      "p50": 93.5,
      "p90": 96.0
    },
    "seat_score_stddev": 3.8807996676723806,
    "standard_error": 0.08333333333333334
  }
}
